Stock/Flow ID,Layer 1,Layer 2,Layer 3,Layer 4,Value,Year
ELV_collected,BEV,,,,7067015753.053513,2040
ELV_collected,BEV,elvBIW,,,1888353934.267578,2040
ELV_collected,BEV,elvBIW,calAHSS,,297213949.6820068,2040
ELV_collected,BEV,elvBIW,calAl_5xxx,,204119514.7323608,2040
ELV_collected,BEV,elvBIW,calAl_6xxx,,306037313.15399164,2040
ELV_collected,BEV,elvBIW,calHSS,,297156441.94030756,2040
ELV_collected,BEV,elvBIW,calMagnesium,,57765363.1463623,2040
ELV_collected,BEV,elvBIW,calUHSS,,164963251.6340637,2040
ELV_collected,BEV,elvBIW,calmildSteel,,561098100.534668,2040
ELV_collected,BEV,elvBattery,,,1286088009.7021484,2040
ELV_collected,BEV,elvBattery,battery,,1286088009.7021484,2040
ELV_collected,BEV,elvBrakes,,,181563617.43774414,2040
ELV_collected,BEV,elvBrakes,calMagnesium,,5555241.195058823,2040
ELV_collected,BEV,elvBrakes,calcastAluminiumAlSiCu,,49068590.41130066,2040
ELV_collected,BEV,elvBrakes,calcastIron,,88852714.98321533,2040
ELV_collected,BEV,elvBrakes,calmildSteel,,25385255.841522217,2040
ELV_collected,BEV,elvBrakes,calstainlessSteel,,12701815.029964445,2040
ELV_collected,BEV,elvChassis,,,944001741.4318846,2040
ELV_collected,BEV,elvChassis,calAHSS,,198057682.26058957,2040
ELV_collected,BEV,elvChassis,calAl_6xxx,,102025996.17599487,2040
ELV_collected,BEV,elvChassis,calAl_7xxx,,25511346.20685577,2040
ELV_collected,BEV,elvChassis,calHSS,,329892769.475708,2040
ELV_collected,BEV,elvChassis,calMagnesium,,28904295.899581905,2040
ELV_collected,BEV,elvChassis,calUHSS,,132034544.96017456,2040
ELV_collected,BEV,elvChassis,calcastAluminiumAlSiCu,,51021436.65828705,2040
ELV_collected,BEV,elvChassis,calcastAluminiumAlSiMg,,76553669.88113402,2040
ELV_collected,BEV,elvClosures,,,522991823.7298584,2040
ELV_collected,BEV,elvClosures,calAHSS,,73156284.7062683,2040
ELV_collected,BEV,elvClosures,calAHSS_DualPhase,,73106395.6387329,2040
ELV_collected,BEV,elvClosures,calAl_5xxx,,98898000.5996704,2040
ELV_collected,BEV,elvClosures,calAl_6xxx,,42401917.61943817,2040
ELV_collected,BEV,elvClosures,calHSS,,182879739.45419312,2040
ELV_collected,BEV,elvClosures,calMagnesium,,15998093.531246185,2040
ELV_collected,BEV,elvClosures,calOthers,,36551392.17063904,2040
ELV_collected,BEV,elvDriveline,,,254175729.53948972,2040
ELV_collected,BEV,elvDriveline,calAl_6xxx,,6865092.026720047,2040
ELV_collected,BEV,elvDriveline,calAl_7xxx,,6869478.58625412,2040
ELV_collected,BEV,elvDriveline,calMagnesium,,7782224.760675429,2040
ELV_collected,BEV,elvDriveline,calalloySteel,,35542679.41265106,2040
ELV_collected,BEV,elvDriveline,calcastAluminiumAlSiCu,,38474474.469833374,2040
ELV_collected,BEV,elvDriveline,calcastAluminiumAlSiMg,,16477926.599712372,2040
ELV_collected,BEV,elvDriveline,calcastIron,,17765055.026111603,2040
ELV_collected,BEV,elvDriveline,calmildSteel,,88861440.15045166,2040
ELV_collected,BEV,elvDriveline,calstainlessSteel,,35537358.462142944,2040
ELV_collected,BEV,elvPowertrain,,,932068853.6914062,2040
ELV_collected,BEV,elvPowertrain,calAl_6xxx,,12269461.740083693,2040
ELV_collected,BEV,elvPowertrain,calAl_7xxx,,12262206.05044365,2040
ELV_collected,BEV,elvPowertrain,calHSS,,31732645.76488495,2040
ELV_collected,BEV,elvPowertrain,calMagnesium,,27775267.45103836,2040
ELV_collected,BEV,elvPowertrain,calalloySteel,,31736963.742942806,2040
ELV_collected,BEV,elvPowertrain,calcastAluminiumAlSiCu,,196139615.31066895,2040
ELV_collected,BEV,elvPowertrain,calcastAluminiumAlSiMg,,49038401.32190704,2040
ELV_collected,BEV,elvPowertrain,calcastIron,,507640478.61022943,2040
ELV_collected,BEV,elvPowertrain,calmildSteel,,31730754.92290497,2040
ELV_collected,BEV,elvPowertrain,calstainlessSteel,,31743058.774528503,2040
ELV_collected,BEV,elvSteering,,,108960814.60998535,2040
ELV_collected,BEV,elvSteering,calAl_6xxx,,11772828.543233871,2040
ELV_collected,BEV,elvSteering,calAl_7xxx,,2943368.7053990364,2040
ELV_collected,BEV,elvSteering,calHSS,,11426674.044742586,2040
ELV_collected,BEV,elvSteering,calMagnesium,,3334750.4757094383,2040
ELV_collected,BEV,elvSteering,calalloySteel,,15236072.022590635,2040
ELV_collected,BEV,elvSteering,calcastAluminiumAlSiCu,,5888520.737538338,2040
ELV_collected,BEV,elvSteering,calcastAluminiumAlSiMg,,8829532.471170425,2040
ELV_collected,BEV,elvSteering,calmildSteel,,38097594.94392395,2040
ELV_collected,BEV,elvSteering,calstainlessSteel,,11431472.661676409,2040
ELV_collected,BEV,elvThermalManagement,,,179074457.17636108,2040
ELV_collected,BEV,elvThermalManagement,calAl_6xxx,,19621164.82196808,2040
ELV_collected,BEV,elvThermalManagement,calAl_7xxx,,2452507.6160621643,2040
ELV_collected,BEV,elvThermalManagement,calMagnesium,,5555487.891397476,2040
ELV_collected,BEV,elvThermalManagement,calOthers,,12698176.810188293,2040
ELV_collected,BEV,elvThermalManagement,calalloySteel,,25385365.941581726,2040
ELV_collected,BEV,elvThermalManagement,calcastAluminiumAlSiCu,,9811869.053678513,2040
ELV_collected,BEV,elvThermalManagement,calcastAluminiumAlSiMg,,14715880.338001251,2040
ELV_collected,BEV,elvThermalManagement,calmildSteel,,25384276.565303806,2040
ELV_collected,BEV,elvThermalManagement,calstainlessSteel,,63449728.1578064,2040
ELV_collected,BEV,elvTransmission,,,363046413.31604004,2040
ELV_collected,BEV,elvTransmission,calAl_6xxx,,39239333.11920165,2040
ELV_collected,BEV,elvTransmission,calAl_7xxx,,9811128.691701887,2040
ELV_collected,BEV,elvTransmission,calHSS,,38069186.48300171,2040
ELV_collected,BEV,elvTransmission,calMagnesium,,11110773.203144073,2040
ELV_collected,BEV,elvTransmission,calalloySteel,,50773793.35441589,2040
ELV_collected,BEV,elvTransmission,calcastAluminiumAlSiCu,,29422787.145462036,2040
ELV_collected,BEV,elvTransmission,calcastAluminiumAlSiMg,,19620925.31856537,2040
ELV_collected,BEV,elvTransmission,calmildSteel,,126949332.3765564,2040
ELV_collected,BEV,elvTransmission,calstainlessSteel,,38049153.59649658,2040
ELV_collected,BEV,elvTrim,,,79872209.24110413,2040
ELV_collected,BEV,elvTrim,calAl_6xxx,,8633768.489141464,2040
ELV_collected,BEV,elvTrim,calAl_7xxx,,2158909.9752926826,2040
ELV_collected,BEV,elvTrim,calHSS,,27922123.332309723,2040
ELV_collected,BEV,elvTrim,calMagnesium,,2443835.6207764144,2040
ELV_collected,BEV,elvTrim,calalloySteel,,8372737.904043198,2040
ELV_collected,BEV,elvTrim,calcastAluminiumAlSiCu,,5396266.764860152,2040
ELV_collected,BEV,elvTrim,calcastAluminiumAlSiMg,,5396410.489807129,2040
ELV_collected,BEV,elvTrim,calmildSteel,,11169499.456262589,2040
ELV_collected,BEV,elvTrim,calstainlessSteel,,8378657.201185226,2040
ELV_collected,BEV,elvWheels,,,326818148.9099121,2040
ELV_collected,BEV,elvWheels,calAl_6xxx,,35331549.454689026,2040
ELV_collected,BEV,elvWheels,calAl_7xxx,,8827280.947208405,2040
ELV_collected,BEV,elvWheels,calMagnesium,,9996613.817796707,2040
ELV_collected,BEV,elvWheels,calcastAluminiumAlSiCu,,17668336.15903854,2040
ELV_collected,BEV,elvWheels,calcastAluminiumAlSiMg,,26484304.475574493,2040
ELV_collected,BEV,elvWheels,calmildSteel,,228510063.99536133,2040
ELV_dismantled,BEV,elvBIW,,,283253090.14013666,2040
ELV_dismantled,BEV,elvBIW,calAHSS,,44582092.45230102,2040
ELV_dismantled,BEV,elvBIW,calAl_5xxx,,30617927.20985412,2040
ELV_dismantled,BEV,elvBIW,calAl_6xxx,,45905596.97309875,2040
ELV_dismantled,BEV,elvBIW,calHSS,,44573466.291046135,2040
ELV_dismantled,BEV,elvBIW,calMagnesium,,8664804.471954344,2040
ELV_dismantled,BEV,elvBIW,calUHSS,,24744487.745109554,2040
ELV_dismantled,BEV,elvBIW,calmildSteel,,84164715.0802002,2040
ELV_dismantled,BEV,elvBattery,,,1221783609.217041,2040
ELV_dismantled,BEV,elvBattery,battery,,1221783609.217041,2040
ELV_dismantled,BEV,elvBrakes,,,27234542.61566162,2040
ELV_dismantled,BEV,elvBrakes,calMagnesium,,833286.1792588234,2040
ELV_dismantled,BEV,elvBrakes,calcastAluminiumAlSiCu,,7360288.561695099,2040
ELV_dismantled,BEV,elvBrakes,calcastIron,,13327907.2474823,2040
ELV_dismantled,BEV,elvBrakes,calmildSteel,,3807788.3762283325,2040
ELV_dismantled,BEV,elvBrakes,calstainlessSteel,,1905272.2544946666,2040
ELV_dismantled,BEV,elvChassis,,,141600261.21478269,2040
ELV_dismantled,BEV,elvChassis,calAHSS,,29708652.339088436,2040
ELV_dismantled,BEV,elvChassis,calAl_6xxx,,15303899.426399231,2040
ELV_dismantled,BEV,elvChassis,calAl_7xxx,,3826701.931028365,2040
ELV_dismantled,BEV,elvChassis,calHSS,,49483915.4213562,2040
ELV_dismantled,BEV,elvChassis,calMagnesium,,4335644.384937285,2040
ELV_dismantled,BEV,elvChassis,calUHSS,,19805181.744026184,2040
ELV_dismantled,BEV,elvChassis,calcastAluminiumAlSiCu,,7653215.498743057,2040
ELV_dismantled,BEV,elvChassis,calcastAluminiumAlSiMg,,11483050.482170103,2040
ELV_dismantled,BEV,elvClosures,,,78448773.55947876,2040
ELV_dismantled,BEV,elvClosures,calAHSS,,10973442.705940245,2040
ELV_dismantled,BEV,elvClosures,calAHSS_DualPhase,,10965959.345809935,2040
ELV_dismantled,BEV,elvClosures,calAl_5xxx,,14834700.08995056,2040
ELV_dismantled,BEV,elvClosures,calAl_6xxx,,6360287.642915726,2040
ELV_dismantled,BEV,elvClosures,calHSS,,27431960.918128967,2040
ELV_dismantled,BEV,elvClosures,calMagnesium,,2399714.029686928,2040
ELV_dismantled,BEV,elvClosures,calOthers,,5482708.825595856,2040
ELV_dismantled,BEV,elvDriveline,,,114379078.29277037,2040
ELV_dismantled,BEV,elvDriveline,calAl_6xxx,,3089291.412024021,2040
ELV_dismantled,BEV,elvDriveline,calAl_7xxx,,3091265.363814354,2040
ELV_dismantled,BEV,elvDriveline,calMagnesium,,3502001.142303943,2040
ELV_dismantled,BEV,elvDriveline,calalloySteel,,15994205.735692978,2040
ELV_dismantled,BEV,elvDriveline,calcastAluminiumAlSiCu,,17313513.51142502,2040
ELV_dismantled,BEV,elvDriveline,calcastAluminiumAlSiMg,,7415066.969870567,2040
ELV_dismantled,BEV,elvDriveline,calcastIron,,7994274.761750221,2040
ELV_dismantled,BEV,elvDriveline,calmildSteel,,39987648.06770325,2040
ELV_dismantled,BEV,elvDriveline,calstainlessSteel,,15991811.307964325,2040
ELV_dismantled,BEV,elvPowertrain,,,745655082.953125,2040
ELV_dismantled,BEV,elvPowertrain,calAl_6xxx,,9815569.392066954,2040
ELV_dismantled,BEV,elvPowertrain,calAl_7xxx,,9809764.84035492,2040
ELV_dismantled,BEV,elvPowertrain,calHSS,,25386116.61190796,2040
ELV_dismantled,BEV,elvPowertrain,calMagnesium,,22220213.96083069,2040
ELV_dismantled,BEV,elvPowertrain,calalloySteel,,25389570.994354248,2040
ELV_dismantled,BEV,elvPowertrain,calcastAluminiumAlSiCu,,156911692.24853516,2040
ELV_dismantled,BEV,elvPowertrain,calcastAluminiumAlSiMg,,39230721.057525635,2040
ELV_dismantled,BEV,elvPowertrain,calcastIron,,406112382.8881836,2040
ELV_dismantled,BEV,elvPowertrain,calmildSteel,,25384603.938323975,2040
ELV_dismantled,BEV,elvPowertrain,calstainlessSteel,,25394447.019622803,2040
ELV_dismantled,BEV,elvSteering,,,16344122.191497803,2040
ELV_dismantled,BEV,elvSteering,calAl_6xxx,,1765924.2814850807,2040
ELV_dismantled,BEV,elvSteering,calAl_7xxx,,441505.30580985546,2040
ELV_dismantled,BEV,elvSteering,calHSS,,1714001.1067113879,2040
ELV_dismantled,BEV,elvSteering,calMagnesium,,500212.57135641575,2040
ELV_dismantled,BEV,elvSteering,calalloySteel,,2285410.803388595,2040
ELV_dismantled,BEV,elvSteering,calcastAluminiumAlSiCu,,883278.1106307507,2040
ELV_dismantled,BEV,elvSteering,calcastAluminiumAlSiMg,,1324429.8706755638,2040
ELV_dismantled,BEV,elvSteering,calmildSteel,,5714639.2415885925,2040
ELV_dismantled,BEV,elvSteering,calstainlessSteel,,1714720.8992514613,2040
ELV_dismantled,BEV,elvThermalManagement,,,26861168.576454163,2040
ELV_dismantled,BEV,elvThermalManagement,calAl_6xxx,,2943174.723295212,2040
ELV_dismantled,BEV,elvThermalManagement,calAl_7xxx,,367876.14240932465,2040
ELV_dismantled,BEV,elvThermalManagement,calMagnesium,,833323.1837096214,2040
ELV_dismantled,BEV,elvThermalManagement,calOthers,,1904726.521528244,2040
ELV_dismantled,BEV,elvThermalManagement,calalloySteel,,3807804.891237259,2040
ELV_dismantled,BEV,elvThermalManagement,calcastAluminiumAlSiCu,,1471780.358051777,2040
ELV_dismantled,BEV,elvThermalManagement,calcastAluminiumAlSiMg,,2207382.0507001877,2040
ELV_dismantled,BEV,elvThermalManagement,calmildSteel,,3807641.484795571,2040
ELV_dismantled,BEV,elvThermalManagement,calstainlessSteel,,9517459.22367096,2040
ELV_dismantled,BEV,elvTransmission,,,254132489.321228,2040
ELV_dismantled,BEV,elvTransmission,calAl_6xxx,,27467533.183441155,2040
ELV_dismantled,BEV,elvTransmission,calAl_7xxx,,6867790.08419132,2040
ELV_dismantled,BEV,elvTransmission,calHSS,,26648430.538101196,2040
ELV_dismantled,BEV,elvTransmission,calMagnesium,,7777541.2422008505,2040
ELV_dismantled,BEV,elvTransmission,calalloySteel,,35541655.348091125,2040
ELV_dismantled,BEV,elvTransmission,calcastAluminiumAlSiCu,,20595951.001823425,2040
ELV_dismantled,BEV,elvTransmission,calcastAluminiumAlSiMg,,13734647.722995758,2040
ELV_dismantled,BEV,elvTransmission,calmildSteel,,88864532.66358948,2040
ELV_dismantled,BEV,elvTransmission,calstainlessSteel,,26634407.517547607,2040
ELV_dismantled,BEV,elvTrim,,,11980831.386165619,2040
ELV_dismantled,BEV,elvTrim,calAl_6xxx,,1295065.2733712196,2040
ELV_dismantled,BEV,elvTrim,calAl_7xxx,,323836.4962939024,2040
ELV_dismantled,BEV,elvTrim,calHSS,,4188318.4998464584,2040
ELV_dismantled,BEV,elvTrim,calMagnesium,,366575.3431164622,2040
ELV_dismantled,BEV,elvTrim,calalloySteel,,1255910.6856064796,2040
ELV_dismantled,BEV,elvTrim,calcastAluminiumAlSiCu,,809440.0147290229,2040
ELV_dismantled,BEV,elvTrim,calcastAluminiumAlSiMg,,809461.5734710693,2040
ELV_dismantled,BEV,elvTrim,calmildSteel,,1675424.9184393883,2040
ELV_dismantled,BEV,elvTrim,calstainlessSteel,,1256798.580177784,2040
ELV_dismantled,BEV,elvWheels,,,196090889.34594727,2040
ELV_dismantled,BEV,elvWheels,calAl_6xxx,,21198929.672813416,2040
ELV_dismantled,BEV,elvWheels,calAl_7xxx,,5296368.568325043,2040
ELV_dismantled,BEV,elvWheels,calMagnesium,,5997968.290678024,2040
ELV_dismantled,BEV,elvWheels,calcastAluminiumAlSiCu,,10601001.695423124,2040
ELV_dismantled,BEV,elvWheels,calcastAluminiumAlSiMg,,15890582.685344696,2040
ELV_dismantled,BEV,elvWheels,calmildSteel,,137106038.3972168,2040
ELV_ferrous,BEV,elvBIW,calAHSS,,219343894.86532098,2040
ELV_ferrous,BEV,elvBIW,calAl_5xxx,,150640201.87248227,2040
ELV_ferrous,BEV,elvBIW,calAl_6xxx,,225855537.1076458,2040
ELV_ferrous,BEV,elvBIW,calHSS,,219301454.15194696,2040
ELV_ferrous,BEV,elvBIW,calMagnesium,,42630838.002015375,2040
ELV_ferrous,BEV,elvBIW,calUHSS,,121742879.70593901,2040
ELV_ferrous,BEV,elvBIW,calmildSteel,,414090398.1945849,2040
ELV_ferrous,BEV,elvBattery,battery,,2572176.019404297,2040
ELV_ferrous,BEV,elvBrakes,calMagnesium,,4099768.0019534114,2040
ELV_ferrous,BEV,elvBrakes,calcastAluminiumAlSiCu,,36212619.72353989,2040
ELV_ferrous,BEV,elvBrakes,calcastIron,,65573303.65761291,2040
ELV_ferrous,BEV,elvBrakes,calmildSteel,,18734318.811043393,2040
ELV_ferrous,BEV,elvBrakes,calstainlessSteel,,9373939.49211376,2040
ELV_ferrous,BEV,elvChassis,calAHSS,,146166569.5083151,2040
ELV_ferrous,BEV,elvChassis,calAl_6xxx,,75295185.17788422,2040
ELV_ferrous,BEV,elvChassis,calAl_7xxx,,18827373.50065956,2040
ELV_ferrous,BEV,elvChassis,calHSS,,243460863.8730725,2040
ELV_ferrous,BEV,elvChassis,calMagnesium,,21331370.373891447,2040
ELV_ferrous,BEV,elvChassis,calUHSS,,97441494.18060882,2040
ELV_ferrous,BEV,elvChassis,calcastAluminiumAlSiCu,,37653820.253815845,2040
ELV_ferrous,BEV,elvChassis,calcastAluminiumAlSiMg,,56496608.3722769,2040
ELV_ferrous,BEV,elvClosures,calAHSS,,53989338.113226,2040
ELV_ferrous,BEV,elvClosures,calAHSS_DualPhase,,53952519.98138487,2040
ELV_ferrous,BEV,elvClosures,calAl_5xxx,,72986724.44255675,2040
ELV_ferrous,BEV,elvClosures,calAl_6xxx,,31292615.20314537,2040
ELV_ferrous,BEV,elvClosures,calHSS,,134965247.71719453,2040
ELV_ferrous,BEV,elvClosures,calMagnesium,,11806593.026059683,2040
ELV_ferrous,BEV,elvClosures,calOthers,,26974927.42193161,2040
ELV_ferrous,BEV,elvDriveline,calAl_6xxx,,3212863.068504982,2040
ELV_ferrous,BEV,elvDriveline,calAl_7xxx,,3214915.978366928,2040
ELV_ferrous,BEV,elvDriveline,calMagnesium,,3642081.187996101,2040
ELV_ferrous,BEV,elvDriveline,calalloySteel,,16633973.965120697,2040
ELV_ferrous,BEV,elvDriveline,calcastAluminiumAlSiCu,,18006054.05188202,2040
ELV_ferrous,BEV,elvDriveline,calcastAluminiumAlSiMg,,7711669.648665391,2040
ELV_ferrous,BEV,elvDriveline,calcastIron,,8314045.752220231,2040
ELV_ferrous,BEV,elvDriveline,calmildSteel,,41587153.99041138,2040
ELV_ferrous,BEV,elvDriveline,calstainlessSteel,,16631483.760282898,2040
ELV_ferrous,BEV,elvPowertrain,calAl_6xxx,,1877227.6462328052,2040
ELV_ferrous,BEV,elvPowertrain,calAl_7xxx,,1876117.5257178785,2040
ELV_ferrous,BEV,elvPowertrain,calHSS,,4855094.802027398,2040
ELV_ferrous,BEV,elvPowertrain,calMagnesium,,4249615.92000887,2040
ELV_ferrous,BEV,elvPowertrain,calalloySteel,,4855755.452670249,2040
ELV_ferrous,BEV,elvPowertrain,calcastAluminiumAlSiCu,,30009361.142532352,2040
ELV_ferrous,BEV,elvPowertrain,calcastAluminiumAlSiMg,,7502875.402251778,2040
ELV_ferrous,BEV,elvPowertrain,calcastIron,,77668993.22736512,2040
ELV_ferrous,BEV,elvPowertrain,calmildSteel,,4854805.503204461,2040
ELV_ferrous,BEV,elvPowertrain,calstainlessSteel,,4856687.992502862,2040
ELV_ferrous,BEV,elvSteering,calAl_6xxx,,8688347.464906598,2040
ELV_ferrous,BEV,elvSteering,calAl_7xxx,,2172206.104584489,2040
ELV_ferrous,BEV,elvSteering,calHSS,,8432885.445020027,2040
ELV_ferrous,BEV,elvSteering,calMagnesium,,2461045.8510735654,2040
ELV_ferrous,BEV,elvSteering,calalloySteel,,11244221.152671888,2040
ELV_ferrous,BEV,elvSteering,calcastAluminiumAlSiCu,,4345728.304303293,2040
ELV_ferrous,BEV,elvSteering,calcastAluminiumAlSiMg,,6516194.963723774,2040
ELV_ferrous,BEV,elvSteering,calmildSteel,,28116025.068615876,2040
ELV_ferrous,BEV,elvSteering,calstainlessSteel,,8436426.824317189,2040
ELV_ferrous,BEV,elvThermalManagement,calAl_6xxx,,14480419.638612442,2040
ELV_ferrous,BEV,elvThermalManagement,calAl_7xxx,,1809950.6206538773,2040
ELV_ferrous,BEV,elvThermalManagement,calMagnesium,,4099950.063851338,2040
ELV_ferrous,BEV,elvThermalManagement,calOthers,,9371254.48591896,2040
ELV_ferrous,BEV,elvThermalManagement,calalloySteel,,18734400.064887315,2040
ELV_ferrous,BEV,elvThermalManagement,calcastAluminiumAlSiCu,,7241159.361614742,2040
ELV_ferrous,BEV,elvThermalManagement,calcastAluminiumAlSiMg,,10860319.689444924,2040
ELV_ferrous,BEV,elvThermalManagement,calmildSteel,,18733596.105194207,2040
ELV_ferrous,BEV,elvThermalManagement,calstainlessSteel,,46825899.38046112,2040
ELV_ferrous,BEV,elvTransmission,calAl_6xxx,,9535157.947966002,2040
ELV_ferrous,BEV,elvTransmission,calAl_7xxx,,2384104.2720835586,2040
ELV_ferrous,BEV,elvTransmission,calHSS,,9250812.315369416,2040
ELV_ferrous,BEV,elvTransmission,calMagnesium,,2699917.88836401,2040
ELV_ferrous,BEV,elvTransmission,calalloySteel,,12338031.785123063,2040
ELV_ferrous,BEV,elvTransmission,calcastAluminiumAlSiCu,,7149737.276347276,2040
ELV_ferrous,BEV,elvTransmission,calcastAluminiumAlSiMg,,4767884.852411386,2040
ELV_ferrous,BEV,elvTransmission,calmildSteel,,30848687.767503206,2040
ELV_ferrous,BEV,elvTransmission,calstainlessSteel,,9245944.32394867,2040
ELV_ferrous,BEV,elvTrim,calAl_6xxx,,6371721.1449864,2040
ELV_ferrous,BEV,elvTrim,calAl_7xxx,,1593275.5617659998,2040
ELV_ferrous,BEV,elvTrim,calHSS,,20606527.019244578,2040
ELV_ferrous,BEV,elvTrim,calMagnesium,,1803550.6881329936,2040
ELV_ferrous,BEV,elvTrim,calalloySteel,,6179080.573183879,2040
ELV_ferrous,BEV,elvTrim,calcastAluminiumAlSiCu,,3982444.872466792,2040
ELV_ferrous,BEV,elvTrim,calcastAluminiumAlSiMg,,3982550.9414776615,2040
ELV_ferrous,BEV,elvTrim,calmildSteel,,8243090.59872179,2040
ELV_ferrous,BEV,elvTrim,calstainlessSteel,,6183449.014474697,2040
ELV_ferrous,BEV,elvWheels,calAl_6xxx,,11765405.968411446,2040
ELV_ferrous,BEV,elvWheels,calAl_7xxx,,2939484.5554203987,2040
ELV_ferrous,BEV,elvWheels,calMagnesium,,3328872.401326304,2040
ELV_ferrous,BEV,elvWheels,calcastAluminiumAlSiCu,,5883555.940959834,2040
ELV_ferrous,BEV,elvWheels,calcastAluminiumAlSiMg,,8819273.390366307,2040
ELV_ferrous,BEV,elvWheels,calmildSteel,,76093851.31045532,2040
ELV_loss_ASR,BEV,elvBIW,calAHSS,,24371543.873924553,2040
ELV_loss_ASR,BEV,elvBIW,calAl_5xxx,,16737800.208053587,2040
ELV_loss_ASR,BEV,elvBIW,calAl_6xxx,,25095059.678627312,2040
ELV_loss_ASR,BEV,elvBIW,calHSS,,24366828.23910522,2040
ELV_loss_ASR,BEV,elvBIW,calMagnesium,,4736759.778001708,2040
ELV_loss_ASR,BEV,elvBIW,calUHSS,,13526986.633993223,2040
ELV_loss_ASR,BEV,elvBIW,calmildSteel,,46010044.24384277,2040
ELV_loss_ASR,BEV,elvBattery,battery,,23149584.174638674,2040
ELV_loss_ASR,BEV,elvBrakes,calMagnesium,,455529.77799482347,2040
ELV_loss_ASR,BEV,elvBrakes,calcastAluminiumAlSiCu,,4023624.413726654,2040
ELV_loss_ASR,BEV,elvBrakes,calcastIron,,7285922.628623657,2040
ELV_loss_ASR,BEV,elvBrakes,calmildSteel,,2081590.9790048217,2040
ELV_loss_ASR,BEV,elvBrakes,calstainlessSteel,,1041548.8324570844,2040
ELV_loss_ASR,BEV,elvChassis,calAHSS,,16240729.945368344,2040
ELV_loss_ASR,BEV,elvChassis,calAl_6xxx,,8366131.686431579,2040
ELV_loss_ASR,BEV,elvChassis,calAl_7xxx,,2091930.3889621731,2040
ELV_loss_ASR,BEV,elvChassis,calHSS,,27051207.097008057,2040
ELV_loss_ASR,BEV,elvChassis,calMagnesium,,2370152.2637657165,2040
ELV_loss_ASR,BEV,elvChassis,calUHSS,,10826832.686734313,2040
ELV_loss_ASR,BEV,elvChassis,calcastAluminiumAlSiCu,,4183757.8059795382,2040
ELV_loss_ASR,BEV,elvChassis,calcastAluminiumAlSiMg,,6277400.93025299,2040
ELV_loss_ASR,BEV,elvClosures,calAHSS,,5998815.345914,2040
ELV_loss_ASR,BEV,elvClosures,calAHSS_DualPhase,,5994724.442376098,2040
ELV_loss_ASR,BEV,elvClosures,calAl_5xxx,,8109636.049172972,2040
ELV_loss_ASR,BEV,elvClosures,calAl_6xxx,,3476957.24479393,2040
ELV_loss_ASR,BEV,elvClosures,calHSS,,14996138.635243837,2040
ELV_loss_ASR,BEV,elvClosures,calMagnesium,,1311843.669562187,2040
ELV_loss_ASR,BEV,elvClosures,calOthers,,2997214.157992401,2040
ELV_loss_ASR,BEV,elvDriveline,calAl_6xxx,,356984.78538944246,2040
ELV_loss_ASR,BEV,elvDriveline,calAl_7xxx,,357212.8864852143,2040
ELV_loss_ASR,BEV,elvDriveline,calMagnesium,,404675.68755512236,2040
ELV_loss_ASR,BEV,elvDriveline,calalloySteel,,1848219.3294578553,2040
ELV_loss_ASR,BEV,elvDriveline,calcastAluminiumAlSiCu,,2000672.6724313358,2040
ELV_loss_ASR,BEV,elvDriveline,calcastAluminiumAlSiMg,,856852.1831850434,2040
ELV_loss_ASR,BEV,elvDriveline,calcastIron,,923782.8613578035,2040
ELV_loss_ASR,BEV,elvDriveline,calmildSteel,,4620794.887823487,2040
ELV_loss_ASR,BEV,elvDriveline,calstainlessSteel,,1847942.6400314332,2040
ELV_loss_ASR,BEV,elvPowertrain,calAl_6xxx,,208580.8495814228,2040
ELV_loss_ASR,BEV,elvPowertrain,calAl_7xxx,,208457.50285754207,2040
ELV_loss_ASR,BEV,elvPowertrain,calHSS,,539454.9780030441,2040
ELV_loss_ASR,BEV,elvPowertrain,calMagnesium,,472179.5466676522,2040
ELV_loss_ASR,BEV,elvPowertrain,calalloySteel,,539528.3836300278,2040
ELV_loss_ASR,BEV,elvPowertrain,calcastAluminiumAlSiCu,,3334373.4602813725,2040
ELV_loss_ASR,BEV,elvPowertrain,calcastAluminiumAlSiMg,,833652.8224724198,2040
ELV_loss_ASR,BEV,elvPowertrain,calcastIron,,8629888.136373902,2040
ELV_loss_ASR,BEV,elvPowertrain,calmildSteel,,539422.8336893845,2040
ELV_loss_ASR,BEV,elvPowertrain,calstainlessSteel,,539631.9991669846,2040
ELV_loss_ASR,BEV,elvSteering,calAl_6xxx,,965371.9405451776,2040
ELV_loss_ASR,BEV,elvSteering,calAl_7xxx,,241356.23384272098,2040
ELV_loss_ASR,BEV,elvSteering,calHSS,,936987.271668892,2040
ELV_loss_ASR,BEV,elvSteering,calMagnesium,,273449.5390081739,2040
ELV_loss_ASR,BEV,elvSteering,calalloySteel,,1249357.9058524321,2040
ELV_loss_ASR,BEV,elvSteering,calcastAluminiumAlSiCu,,482858.70047814364,2040
ELV_loss_ASR,BEV,elvSteering,calcastAluminiumAlSiMg,,724021.6626359749,2040
ELV_loss_ASR,BEV,elvSteering,calmildSteel,,3124002.785401764,2040
ELV_loss_ASR,BEV,elvSteering,calstainlessSteel,,937380.7582574654,2040
ELV_loss_ASR,BEV,elvThermalManagement,calAl_6xxx,,1608935.5154013825,2040
ELV_loss_ASR,BEV,elvThermalManagement,calAl_7xxx,,201105.6245170975,2040
ELV_loss_ASR,BEV,elvThermalManagement,calMagnesium,,455550.0070945931,2040
ELV_loss_ASR,BEV,elvThermalManagement,calOthers,,1041250.49843544,2040
ELV_loss_ASR,BEV,elvThermalManagement,calalloySteel,,2081600.0072097015,2040
ELV_loss_ASR,BEV,elvThermalManagement,calcastAluminiumAlSiCu,,804573.2624016381,2040
ELV_loss_ASR,BEV,elvThermalManagement,calcastAluminiumAlSiMg,,1206702.1877161027,2040
ELV_loss_ASR,BEV,elvThermalManagement,calmildSteel,,2081510.678354912,2040
ELV_loss_ASR,BEV,elvThermalManagement,calstainlessSteel,,5202877.708940125,2040
ELV_loss_ASR,BEV,elvTransmission,calAl_6xxx,,1059461.9942184447,2040
ELV_loss_ASR,BEV,elvTransmission,calAl_7xxx,,264900.474675951,2040
ELV_loss_ASR,BEV,elvTransmission,calHSS,,1027868.0350410462,2040
ELV_loss_ASR,BEV,elvTransmission,calMagnesium,,299990.87648489,2040
ELV_loss_ASR,BEV,elvTransmission,calalloySteel,,1370892.4205692292,2040
ELV_loss_ASR,BEV,elvTransmission,calcastAluminiumAlSiCu,,794415.2529274751,2040
ELV_loss_ASR,BEV,elvTransmission,calcastAluminiumAlSiMg,,529764.983601265,2040
ELV_loss_ASR,BEV,elvTransmission,calmildSteel,,3427631.974167023,2040
ELV_loss_ASR,BEV,elvTransmission,calstainlessSteel,,1027327.1471054078,2040
ELV_loss_ASR,BEV,elvTrim,calAl_6xxx,,707969.0161096001,2040
ELV_loss_ASR,BEV,elvTrim,calAl_7xxx,,177030.61797399996,2040
ELV_loss_ASR,BEV,elvTrim,calHSS,,2289614.1132493974,2040
ELV_loss_ASR,BEV,elvTrim,calMagnesium,,200394.52090366598,2040
ELV_loss_ASR,BEV,elvTrim,calalloySteel,,686564.5081315422,2040
ELV_loss_ASR,BEV,elvTrim,calcastAluminiumAlSiCu,,442493.87471853243,2040
ELV_loss_ASR,BEV,elvTrim,calcastAluminiumAlSiMg,,442505.66016418464,2040
ELV_loss_ASR,BEV,elvTrim,calmildSteel,,915898.9554135323,2040
ELV_loss_ASR,BEV,elvTrim,calstainlessSteel,,687049.8904971885,2040
ELV_loss_ASR,BEV,elvWheels,calAl_6xxx,,1307267.329823494,2040
ELV_loss_ASR,BEV,elvWheels,calAl_7xxx,,326609.39504671097,2040
ELV_loss_ASR,BEV,elvWheels,calMagnesium,,369874.71125847823,2040
ELV_loss_ASR,BEV,elvWheels,calcastAluminiumAlSiCu,,653728.437884426,2040
ELV_loss_ASR,BEV,elvWheels,calcastAluminiumAlSiMg,,979919.2655962562,2040
ELV_loss_ASR,BEV,elvWheels,calmildSteel,,8454872.36782837,2040
ELV_loss_dismantled,BEV,elvBIW,calAHSS,,6687313.8678451525,2040
ELV_loss_dismantled,BEV,elvBIW,calAl_5xxx,,4592689.081478118,2040
ELV_loss_dismantled,BEV,elvBIW,calAl_6xxx,,6885839.545964812,2040
ELV_loss_dismantled,BEV,elvBIW,calHSS,,6686019.94365692,2040
ELV_loss_dismantled,BEV,elvBIW,calMagnesium,,1299720.6707931515,2040
ELV_loss_dismantled,BEV,elvBIW,calUHSS,,3711673.161766433,2040
ELV_loss_dismantled,BEV,elvBIW,calmildSteel,,12624707.26203003,2040
ELV_loss_dismantled,BEV,elvBattery,battery,,122178360.92170411,2040
ELV_loss_dismantled,BEV,elvBrakes,calMagnesium,,124992.92688882351,2040
ELV_loss_dismantled,BEV,elvBrakes,calcastAluminiumAlSiCu,,1104043.2842542648,2040
ELV_loss_dismantled,BEV,elvBrakes,calcastIron,,1999186.0871223449,2040
ELV_loss_dismantled,BEV,elvBrakes,calmildSteel,,571168.2564342498,2040
ELV_loss_dismantled,BEV,elvBrakes,calstainlessSteel,,285790.8381742,2040
ELV_loss_dismantled,BEV,elvChassis,calAHSS,,4456297.850863265,2040
ELV_loss_dismantled,BEV,elvChassis,calAl_6xxx,,2295584.9139598846,2040
ELV_loss_dismantled,BEV,elvChassis,calAl_7xxx,,574005.2896542548,2040
ELV_loss_dismantled,BEV,elvChassis,calHSS,,7422587.31320343,2040
ELV_loss_dismantled,BEV,elvChassis,calMagnesium,,650346.6577405928,2040
ELV_loss_dismantled,BEV,elvChassis,calUHSS,,2970777.2616039277,2040
ELV_loss_dismantled,BEV,elvChassis,calcastAluminiumAlSiCu,,1147982.3248114586,2040
ELV_loss_dismantled,BEV,elvChassis,calcastAluminiumAlSiMg,,1722457.5723255153,2040
ELV_loss_dismantled,BEV,elvClosures,calAHSS,,1646016.4058910366,2040
ELV_loss_dismantled,BEV,elvClosures,calAHSS_DualPhase,,1644893.90187149,2040
ELV_loss_dismantled,BEV,elvClosures,calAl_5xxx,,2225205.0134925838,2040
ELV_loss_dismantled,BEV,elvClosures,calAl_6xxx,,954043.1464373588,2040
ELV_loss_dismantled,BEV,elvClosures,calHSS,,4114794.137719345,2040
ELV_loss_dismantled,BEV,elvClosures,calMagnesium,,359957.1044530392,2040
ELV_loss_dismantled,BEV,elvClosures,calOthers,,822406.3238393783,2040
ELV_loss_dismantled,BEV,elvDriveline,calAl_6xxx,,463393.71180360316,2040
ELV_loss_dismantled,BEV,elvDriveline,calAl_7xxx,,463689.8045721531,2040
ELV_loss_dismantled,BEV,elvDriveline,calMagnesium,,525300.1713455914,2040
ELV_loss_dismantled,BEV,elvDriveline,calalloySteel,,2399130.8603539467,2040
ELV_loss_dismantled,BEV,elvDriveline,calcastAluminiumAlSiCu,,2597027.0267137527,2040
ELV_loss_dismantled,BEV,elvDriveline,calcastAluminiumAlSiMg,,1112260.045480585,2040
ELV_loss_dismantled,BEV,elvDriveline,calcastIron,,1199141.2142625332,2040
ELV_loss_dismantled,BEV,elvDriveline,calmildSteel,,5998147.210155487,2040
ELV_loss_dismantled,BEV,elvDriveline,calstainlessSteel,,2398771.6961946487,2040
ELV_loss_dismantled,BEV,elvPowertrain,calAl_6xxx,,1472335.408810043,2040
ELV_loss_dismantled,BEV,elvPowertrain,calAl_7xxx,,1471464.726053238,2040
ELV_loss_dismantled,BEV,elvPowertrain,calHSS,,3807917.4917861936,2040
ELV_loss_dismantled,BEV,elvPowertrain,calMagnesium,,3333032.094124603,2040
ELV_loss_dismantled,BEV,elvPowertrain,calalloySteel,,3808435.649153137,2040
ELV_loss_dismantled,BEV,elvPowertrain,calcastAluminiumAlSiCu,,23536753.837280273,2040
ELV_loss_dismantled,BEV,elvPowertrain,calcastAluminiumAlSiMg,,5884608.158628845,2040
ELV_loss_dismantled,BEV,elvPowertrain,calcastIron,,60916857.43322754,2040
ELV_loss_dismantled,BEV,elvPowertrain,calmildSteel,,3807690.590748596,2040
ELV_loss_dismantled,BEV,elvPowertrain,calstainlessSteel,,3809167.05294342,2040
ELV_loss_dismantled,BEV,elvSteering,calAl_6xxx,,264888.6422227621,2040
ELV_loss_dismantled,BEV,elvSteering,calAl_7xxx,,66225.79587147832,2040
ELV_loss_dismantled,BEV,elvSteering,calHSS,,257100.16600670817,2040
ELV_loss_dismantled,BEV,elvSteering,calMagnesium,,75031.88570346237,2040
ELV_loss_dismantled,BEV,elvSteering,calalloySteel,,342811.62050828926,2040
ELV_loss_dismantled,BEV,elvSteering,calcastAluminiumAlSiCu,,132491.7165946126,2040
ELV_loss_dismantled,BEV,elvSteering,calcastAluminiumAlSiMg,,198664.48060133457,2040
ELV_loss_dismantled,BEV,elvSteering,calmildSteel,,857195.8862382888,2040
ELV_loss_dismantled,BEV,elvSteering,calstainlessSteel,,257208.13488771918,2040
ELV_loss_dismantled,BEV,elvThermalManagement,calAl_6xxx,,441476.20849428175,2040
ELV_loss_dismantled,BEV,elvThermalManagement,calAl_7xxx,,55181.421361398694,2040
ELV_loss_dismantled,BEV,elvThermalManagement,calMagnesium,,124998.4775564432,2040
ELV_loss_dismantled,BEV,elvThermalManagement,calOthers,,285708.9782292366,2040
ELV_loss_dismantled,BEV,elvThermalManagement,calalloySteel,,571170.7336855888,2040
ELV_loss_dismantled,BEV,elvThermalManagement,calcastAluminiumAlSiCu,,220767.05370776652,2040
ELV_loss_dismantled,BEV,elvThermalManagement,calcastAluminiumAlSiMg,,331107.30760502815,2040
ELV_loss_dismantled,BEV,elvThermalManagement,calmildSteel,,571146.2227193356,2040
ELV_loss_dismantled,BEV,elvThermalManagement,calstainlessSteel,,1427618.883550644,2040
ELV_loss_dismantled,BEV,elvTransmission,calAl_6xxx,,4120129.977516173,2040
ELV_loss_dismantled,BEV,elvTransmission,calAl_7xxx,,1030168.512628698,2040
ELV_loss_dismantled,BEV,elvTransmission,calHSS,,3997264.5807151794,2040
ELV_loss_dismantled,BEV,elvTransmission,calMagnesium,,1166631.1863301275,2040
ELV_loss_dismantled,BEV,elvTransmission,calalloySteel,,5331248.302213669,2040
ELV_loss_dismantled,BEV,elvTransmission,calcastAluminiumAlSiCu,,3089392.6502735135,2040
ELV_loss_dismantled,BEV,elvTransmission,calcastAluminiumAlSiMg,,2060197.1584493637,2040
ELV_loss_dismantled,BEV,elvTransmission,calmildSteel,,13329679.899538422,2040
ELV_loss_dismantled,BEV,elvTransmission,calstainlessSteel,,3995161.127632141,2040
ELV_loss_dismantled,BEV,elvTrim,calAl_6xxx,,194259.79100568293,2040
ELV_loss_dismantled,BEV,elvTrim,calAl_7xxx,,48575.47444408536,2040
ELV_loss_dismantled,BEV,elvTrim,calHSS,,628247.7749769688,2040
ELV_loss_dismantled,BEV,elvTrim,calMagnesium,,54986.301467469326,2040
ELV_loss_dismantled,BEV,elvTrim,calalloySteel,,188386.60284097193,2040
ELV_loss_dismantled,BEV,elvTrim,calcastAluminiumAlSiCu,,121416.00220935342,2040
ELV_loss_dismantled,BEV,elvTrim,calcastAluminiumAlSiMg,,121419.23602066039,2040
ELV_loss_dismantled,BEV,elvTrim,calmildSteel,,251313.73776590824,2040
ELV_loss_dismantled,BEV,elvTrim,calstainlessSteel,,188519.7870266676,2040
ELV_loss_dismantled,BEV,elvWheels,calAl_6xxx,,3179839.4509220123,2040
ELV_loss_dismantled,BEV,elvWheels,calAl_7xxx,,794455.2852487564,2040
ELV_loss_dismantled,BEV,elvWheels,calMagnesium,,899695.2436017037,2040
ELV_loss_dismantled,BEV,elvWheels,calcastAluminiumAlSiCu,,1590150.2543134687,2040
ELV_loss_dismantled,BEV,elvWheels,calcastAluminiumAlSiMg,,2383587.402801704,2040
ELV_loss_dismantled,BEV,elvWheels,calmildSteel,,20565905.75958252,2040
ELV_loss_dismantling,BEV,elvBIW,,,56650618.02802733,2040
ELV_loss_dismantling,BEV,elvBIW,calAHSS,,8916418.490460202,2040
ELV_loss_dismantling,BEV,elvBIW,calAl_5xxx,,6123585.441970824,2040
ELV_loss_dismantling,BEV,elvBIW,calAl_6xxx,,9181119.394619748,2040
ELV_loss_dismantling,BEV,elvBIW,calHSS,,8914693.258209227,2040
ELV_loss_dismantling,BEV,elvBIW,calMagnesium,,1732960.894390869,2040
ELV_loss_dismantling,BEV,elvBIW,calUHSS,,4948897.549021911,2040
ELV_loss_dismantling,BEV,elvBIW,calmildSteel,,16832943.01604004,2040
ELV_loss_dismantling,BEV,elvBattery,,,38582640.29106445,2040
ELV_loss_dismantling,BEV,elvBattery,battery,,38582640.29106445,2040
ELV_loss_dismantling,BEV,elvBrakes,,,5446908.523132324,2040
ELV_loss_dismantling,BEV,elvBrakes,calMagnesium,,166657.23585176468,2040
ELV_loss_dismantling,BEV,elvBrakes,calcastAluminiumAlSiCu,,1472057.7123390196,2040
ELV_loss_dismantling,BEV,elvBrakes,calcastIron,,2665581.4494964597,2040
ELV_loss_dismantling,BEV,elvBrakes,calmildSteel,,761557.6752456665,2040
ELV_loss_dismantling,BEV,elvBrakes,calstainlessSteel,,381054.45089893334,2040
ELV_loss_dismantling,BEV,elvChassis,,,28320052.242956538,2040
ELV_loss_dismantling,BEV,elvChassis,calAHSS,,5941730.4678176865,2040
ELV_loss_dismantling,BEV,elvChassis,calAl_6xxx,,3060779.885279846,2040
ELV_loss_dismantling,BEV,elvChassis,calAl_7xxx,,765340.3862056731,2040
ELV_loss_dismantling,BEV,elvChassis,calHSS,,9896783.08427124,2040
ELV_loss_dismantling,BEV,elvChassis,calMagnesium,,867128.8769874572,2040
ELV_loss_dismantling,BEV,elvChassis,calUHSS,,3961036.3488052366,2040
ELV_loss_dismantling,BEV,elvChassis,calcastAluminiumAlSiCu,,1530643.0997486115,2040
ELV_loss_dismantling,BEV,elvChassis,calcastAluminiumAlSiMg,,2296610.0964340204,2040
ELV_loss_dismantling,BEV,elvClosures,,,15689754.71189575,2040
ELV_loss_dismantling,BEV,elvClosures,calAHSS,,2194688.5411880487,2040
ELV_loss_dismantling,BEV,elvClosures,calAHSS_DualPhase,,2193191.8691619867,2040
ELV_loss_dismantling,BEV,elvClosures,calAl_5xxx,,2966940.017990112,2040
ELV_loss_dismantling,BEV,elvClosures,calAl_6xxx,,1272057.528583145,2040
ELV_loss_dismantling,BEV,elvClosures,calHSS,,5486392.183625793,2040
ELV_loss_dismantling,BEV,elvClosures,calMagnesium,,479942.80593738554,2040
ELV_loss_dismantling,BEV,elvClosures,calOthers,,1096541.765119171,2040
ELV_loss_dismantling,BEV,elvDriveline,,,7625271.886184691,2040
ELV_loss_dismantling,BEV,elvDriveline,calAl_6xxx,,205952.7608016014,2040
ELV_loss_dismantling,BEV,elvDriveline,calAl_7xxx,,206084.35758762358,2040
ELV_loss_dismantling,BEV,elvDriveline,calMagnesium,,233466.74282026288,2040
ELV_loss_dismantling,BEV,elvDriveline,calalloySteel,,1066280.3823795319,2040
ELV_loss_dismantling,BEV,elvDriveline,calcastAluminiumAlSiCu,,1154234.2340950011,2040
ELV_loss_dismantling,BEV,elvDriveline,calcastAluminiumAlSiMg,,494337.79799137113,2040
ELV_loss_dismantling,BEV,elvDriveline,calcastIron,,532951.650783348,2040
ELV_loss_dismantling,BEV,elvDriveline,calmildSteel,,2665843.20451355,2040
ELV_loss_dismantling,BEV,elvDriveline,calstainlessSteel,,1066120.7538642883,2040
ELV_loss_dismantling,BEV,elvPowertrain,,,27962065.610742185,2040
ELV_loss_dismantling,BEV,elvPowertrain,calAl_6xxx,,368083.85220251075,2040
ELV_loss_dismantling,BEV,elvPowertrain,calAl_7xxx,,367866.1815133095,2040
ELV_loss_dismantling,BEV,elvPowertrain,calHSS,,951979.3729465484,2040
ELV_loss_dismantling,BEV,elvPowertrain,calMagnesium,,833258.0235311508,2040
ELV_loss_dismantling,BEV,elvPowertrain,calalloySteel,,952108.9122882842,2040
ELV_loss_dismantling,BEV,elvPowertrain,calcastAluminiumAlSiCu,,5884188.459320068,2040
ELV_loss_dismantling,BEV,elvPowertrain,calcastAluminiumAlSiMg,,1471152.0396572112,2040
ELV_loss_dismantling,BEV,elvPowertrain,calcastIron,,15229214.358306883,2040
ELV_loss_dismantling,BEV,elvPowertrain,calmildSteel,,951922.647687149,2040
ELV_loss_dismantling,BEV,elvPowertrain,calstainlessSteel,,952291.763235855,2040
ELV_loss_dismantling,BEV,elvSteering,,,3268824.4382995605,2040
ELV_loss_dismantling,BEV,elvSteering,calAl_6xxx,,353184.85629701614,2040
ELV_loss_dismantling,BEV,elvSteering,calAl_7xxx,,88301.06116197108,2040
ELV_loss_dismantling,BEV,elvSteering,calHSS,,342800.2213422776,2040
ELV_loss_dismantling,BEV,elvSteering,calMagnesium,,100042.51427128314,2040
ELV_loss_dismantling,BEV,elvSteering,calalloySteel,,457082.16067771905,2040
ELV_loss_dismantling,BEV,elvSteering,calcastAluminiumAlSiCu,,176655.62212615012,2040
ELV_loss_dismantling,BEV,elvSteering,calcastAluminiumAlSiMg,,264885.9741351128,2040
ELV_loss_dismantling,BEV,elvSteering,calmildSteel,,1142927.8483177184,2040
ELV_loss_dismantling,BEV,elvSteering,calstainlessSteel,,342944.1798502923,2040
ELV_loss_dismantling,BEV,elvThermalManagement,,,5372233.715290832,2040
ELV_loss_dismantling,BEV,elvThermalManagement,calAl_6xxx,,588634.9446590423,2040
ELV_loss_dismantling,BEV,elvThermalManagement,calAl_7xxx,,73575.22848186492,2040
ELV_loss_dismantling,BEV,elvThermalManagement,calMagnesium,,166664.63674192427,2040
ELV_loss_dismantling,BEV,elvThermalManagement,calOthers,,380945.3043056488,2040
ELV_loss_dismantling,BEV,elvThermalManagement,calalloySteel,,761560.9782474517,2040
ELV_loss_dismantling,BEV,elvThermalManagement,calcastAluminiumAlSiCu,,294356.07161035534,2040
ELV_loss_dismantling,BEV,elvThermalManagement,calcastAluminiumAlSiMg,,441476.41014003754,2040
ELV_loss_dismantling,BEV,elvThermalManagement,calmildSteel,,761528.2969591141,2040
ELV_loss_dismantling,BEV,elvThermalManagement,calstainlessSteel,,1903491.844734192,2040
ELV_loss_dismantling,BEV,elvTransmission,,,10891392.399481202,2040
ELV_loss_dismantling,BEV,elvTransmission,calAl_6xxx,,1177179.9935760496,2040
ELV_loss_dismantling,BEV,elvTransmission,calAl_7xxx,,294333.8607510566,2040
ELV_loss_dismantling,BEV,elvTransmission,calHSS,,1142075.5944900513,2040
ELV_loss_dismantling,BEV,elvTransmission,calMagnesium,,333323.1960943222,2040
ELV_loss_dismantling,BEV,elvTransmission,calalloySteel,,1523213.8006324768,2040
ELV_loss_dismantling,BEV,elvTransmission,calcastAluminiumAlSiCu,,882683.614363861,2040
ELV_loss_dismantling,BEV,elvTransmission,calcastAluminiumAlSiMg,,588627.759556961,2040
ELV_loss_dismantling,BEV,elvTransmission,calmildSteel,,3808479.971296692,2040
ELV_loss_dismantling,BEV,elvTransmission,calstainlessSteel,,1141474.6078948975,2040
ELV_loss_dismantling,BEV,elvTrim,,,2396166.277233124,2040
ELV_loss_dismantling,BEV,elvTrim,calAl_6xxx,,259013.0546742439,2040
ELV_loss_dismantling,BEV,elvTrim,calAl_7xxx,,64767.29925878048,2040
ELV_loss_dismantling,BEV,elvTrim,calHSS,,837663.6999692917,2040
ELV_loss_dismantling,BEV,elvTrim,calMagnesium,,73315.06862329243,2040
ELV_loss_dismantling,BEV,elvTrim,calalloySteel,,251182.1371212959,2040
ELV_loss_dismantling,BEV,elvTrim,calcastAluminiumAlSiCu,,161888.00294580456,2040
ELV_loss_dismantling,BEV,elvTrim,calcastAluminiumAlSiMg,,161892.31469421386,2040
ELV_loss_dismantling,BEV,elvTrim,calmildSteel,,335084.98368787766,2040
ELV_loss_dismantling,BEV,elvTrim,calstainlessSteel,,251359.71603555678,2040
ELV_loss_dismantling,BEV,elvWheels,,,9804544.467297362,2040
ELV_loss_dismantling,BEV,elvWheels,calAl_6xxx,,1059946.4836406708,2040
ELV_loss_dismantling,BEV,elvWheels,calAl_7xxx,,264818.42841625214,2040
ELV_loss_dismantling,BEV,elvWheels,calMagnesium,,299898.4145339012,2040
ELV_loss_dismantling,BEV,elvWheels,calcastAluminiumAlSiCu,,530050.0847711562,2040
ELV_loss_dismantling,BEV,elvWheels,calcastAluminiumAlSiMg,,794529.1342672348,2040
ELV_loss_dismantling,BEV,elvWheels,calmildSteel,,6855301.91986084,2040
ELV_reused,BEV,elvBIW,calAHSS,,37894778.58445586,2040
ELV_reused,BEV,elvBIW,calAl_5xxx,,26025238.128376,2040
ELV_reused,BEV,elvBIW,calAl_6xxx,,39019757.42713393,2040
ELV_reused,BEV,elvBIW,calHSS,,37887446.347389214,2040
ELV_reused,BEV,elvBIW,calMagnesium,,7365083.801161192,2040
ELV_reused,BEV,elvBIW,calUHSS,,21032814.583343122,2040
ELV_reused,BEV,elvBIW,calmildSteel,,71540007.81817016,2040
ELV_reused,BEV,elvBattery,battery,,1099605248.295337,2040
ELV_reused,BEV,elvBrakes,calMagnesium,,708293.2523699999,2040
ELV_reused,BEV,elvBrakes,calcastAluminiumAlSiCu,,6256245.277440834,2040
ELV_reused,BEV,elvBrakes,calcastIron,,11328721.160359954,2040
ELV_reused,BEV,elvBrakes,calmildSteel,,3236620.1197940824,2040
ELV_reused,BEV,elvBrakes,calstainlessSteel,,1619481.4163204667,2040
ELV_reused,BEV,elvChassis,calAHSS,,25252354.48822517,2040
ELV_reused,BEV,elvChassis,calAl_6xxx,,13008314.512439346,2040
ELV_reused,BEV,elvChassis,calAl_7xxx,,3252696.6413741102,2040
ELV_reused,BEV,elvChassis,calHSS,,42061328.10815277,2040
ELV_reused,BEV,elvChassis,calMagnesium,,3685297.7271966925,2040
ELV_reused,BEV,elvChassis,calUHSS,,16834404.482422255,2040
ELV_reused,BEV,elvChassis,calcastAluminiumAlSiCu,,6505233.173931599,2040
ELV_reused,BEV,elvChassis,calcastAluminiumAlSiMg,,9760592.909844587,2040
ELV_reused,BEV,elvClosures,calAHSS,,9327426.300049208,2040
ELV_reused,BEV,elvClosures,calAHSS_DualPhase,,9321065.443938443,2040
ELV_reused,BEV,elvClosures,calAl_5xxx,,12609495.076457975,2040
ELV_reused,BEV,elvClosures,calAl_6xxx,,5406244.496478367,2040
ELV_reused,BEV,elvClosures,calHSS,,23317166.780409623,2040
ELV_reused,BEV,elvClosures,calMagnesium,,2039756.9252338887,2040
ELV_reused,BEV,elvClosures,calOthers,,4660302.501756477,2040
ELV_reused,BEV,elvDriveline,calAl_6xxx,,2625897.7002204177,2040
ELV_reused,BEV,elvDriveline,calAl_7xxx,,2627575.5592422006,2040
ELV_reused,BEV,elvDriveline,calMagnesium,,2976700.9709583516,2040
ELV_reused,BEV,elvDriveline,calalloySteel,,13595074.875339031,2040
ELV_reused,BEV,elvDriveline,calcastAluminiumAlSiCu,,14716486.484711265,2040
ELV_reused,BEV,elvDriveline,calcastAluminiumAlSiMg,,6302806.924389982,2040
ELV_reused,BEV,elvDriveline,calcastIron,,6795133.547487688,2040
ELV_reused,BEV,elvDriveline,calmildSteel,,33989500.85754776,2040
ELV_reused,BEV,elvDriveline,calstainlessSteel,,13593039.611769676,2040
ELV_reused,BEV,elvPowertrain,calAl_6xxx,,8343233.98325691,2040
ELV_reused,BEV,elvPowertrain,calAl_7xxx,,8338300.1143016815,2040
ELV_reused,BEV,elvPowertrain,calHSS,,21578199.120121766,2040
ELV_reused,BEV,elvPowertrain,calMagnesium,,18887181.866706084,2040
ELV_reused,BEV,elvPowertrain,calalloySteel,,21581135.34520111,2040
ELV_reused,BEV,elvPowertrain,calcastAluminiumAlSiCu,,133374938.41125488,2040
ELV_reused,BEV,elvPowertrain,calcastAluminiumAlSiMg,,33346112.898896787,2040
ELV_reused,BEV,elvPowertrain,calcastIron,,345195525.45495605,2040
ELV_reused,BEV,elvPowertrain,calmildSteel,,21576913.347575378,2040
ELV_reused,BEV,elvPowertrain,calstainlessSteel,,21585279.966679383,2040
ELV_reused,BEV,elvSteering,calAl_6xxx,,1501035.6392623186,2040
ELV_reused,BEV,elvSteering,calAl_7xxx,,375279.50993837713,2040
ELV_reused,BEV,elvSteering,calHSS,,1456900.9407046796,2040
ELV_reused,BEV,elvSteering,calMagnesium,,425180.6856529534,2040
ELV_reused,BEV,elvSteering,calalloySteel,,1942599.1828803057,2040
ELV_reused,BEV,elvSteering,calcastAluminiumAlSiCu,,750786.3940361381,2040
ELV_reused,BEV,elvSteering,calcastAluminiumAlSiMg,,1125765.390074229,2040
ELV_reused,BEV,elvSteering,calmildSteel,,4857443.355350303,2040
ELV_reused,BEV,elvSteering,calstainlessSteel,,1457512.764363742,2040
ELV_reused,BEV,elvThermalManagement,calAl_6xxx,,2501698.51480093,2040
ELV_reused,BEV,elvThermalManagement,calAl_7xxx,,312694.72104792594,2040
ELV_reused,BEV,elvThermalManagement,calMagnesium,,708324.7061531782,2040
ELV_reused,BEV,elvThermalManagement,calOthers,,1619017.5432990075,2040
ELV_reused,BEV,elvThermalManagement,calalloySteel,,3236634.15755167,2040
ELV_reused,BEV,elvThermalManagement,calcastAluminiumAlSiCu,,1251013.3043440103,2040
ELV_reused,BEV,elvThermalManagement,calcastAluminiumAlSiMg,,1876274.7430951595,2040
ELV_reused,BEV,elvThermalManagement,calmildSteel,,3236495.262076235,2040
ELV_reused,BEV,elvThermalManagement,calstainlessSteel,,8089840.340120316,2040
ELV_reused,BEV,elvTransmission,calAl_6xxx,,23347403.20592498,2040
ELV_reused,BEV,elvTransmission,calAl_7xxx,,5837621.571562623,2040
ELV_reused,BEV,elvTransmission,calHSS,,22651165.957386017,2040
ELV_reused,BEV,elvTransmission,calMagnesium,,6610910.055870723,2040
ELV_reused,BEV,elvTransmission,calalloySteel,,30210407.045877457,2040
ELV_reused,BEV,elvTransmission,calcastAluminiumAlSiCu,,17506558.351549912,2040
ELV_reused,BEV,elvTransmission,calcastAluminiumAlSiMg,,11674450.564546393,2040
ELV_reused,BEV,elvTransmission,calmildSteel,,75534852.76405105,2040
ELV_reused,BEV,elvTransmission,calstainlessSteel,,22639246.389915466,2040
ELV_reused,BEV,elvTrim,calAl_6xxx,,1100805.4823655367,2040
ELV_reused,BEV,elvTrim,calAl_7xxx,,275261.021849817,2040
ELV_reused,BEV,elvTrim,calHSS,,3560070.7248694897,2040
ELV_reused,BEV,elvTrim,calMagnesium,,311589.04164899286,2040
ELV_reused,BEV,elvTrim,calalloySteel,,1067524.0827655077,2040
ELV_reused,BEV,elvTrim,calcastAluminiumAlSiCu,,688024.0125196694,2040
ELV_reused,BEV,elvTrim,calcastAluminiumAlSiMg,,688042.337450409,2040
ELV_reused,BEV,elvTrim,calmildSteel,,1424111.18067348,2040
ELV_reused,BEV,elvTrim,calstainlessSteel,,1068278.7931511162,2040
ELV_reused,BEV,elvWheels,calAl_6xxx,,18019090.221891403,2040
ELV_reused,BEV,elvWheels,calAl_7xxx,,4501913.283076286,2040
ELV_reused,BEV,elvWheels,calMagnesium,,5098273.04707632,2040
ELV_reused,BEV,elvWheels,calcastAluminiumAlSiCu,,9010851.441109655,2040
ELV_reused,BEV,elvWheels,calcastAluminiumAlSiMg,,13506995.28254299,2040
ELV_reused,BEV,elvWheels,calmildSteel,,116540132.63763428,2040
ELV_shredded,BEV,elvBIW,,,1548450226.0994139,2040
ELV_shredded,BEV,elvBIW,calAHSS,,243715438.73924553,2040
ELV_shredded,BEV,elvBIW,calAl_5xxx,,167378002.08053586,2040
ELV_shredded,BEV,elvBIW,calAl_6xxx,,250950596.78627312,2040
ELV_shredded,BEV,elvBIW,calHSS,,243668282.3910522,2040
ELV_shredded,BEV,elvBIW,calMagnesium,,47367597.78001708,2040
ELV_shredded,BEV,elvBIW,calUHSS,,135269866.33993223,2040
ELV_shredded,BEV,elvBIW,calmildSteel,,460100442.4384277,2040
ELV_shredded,BEV,elvBattery,,,25721760.19404297,2040
ELV_shredded,BEV,elvBattery,battery,,25721760.19404297,2040
ELV_shredded,BEV,elvBrakes,,,148882166.2989502,2040
ELV_shredded,BEV,elvBrakes,calMagnesium,,4555297.779948235,2040
ELV_shredded,BEV,elvBrakes,calcastAluminiumAlSiCu,,40236244.13726654,2040
ELV_shredded,BEV,elvBrakes,calcastIron,,72859226.28623657,2040
ELV_shredded,BEV,elvBrakes,calmildSteel,,20815909.790048216,2040
ELV_shredded,BEV,elvBrakes,calstainlessSteel,,10415488.324570844,2040
ELV_shredded,BEV,elvChassis,,,774081427.9741454,2040
ELV_shredded,BEV,elvChassis,calAHSS,,162407299.45368344,2040
ELV_shredded,BEV,elvChassis,calAl_6xxx,,83661316.8643158,2040
ELV_shredded,BEV,elvChassis,calAl_7xxx,,20919303.88962173,2040
ELV_shredded,BEV,elvChassis,calHSS,,270512070.97008055,2040
ELV_shredded,BEV,elvChassis,calMagnesium,,23701522.63765716,2040
ELV_shredded,BEV,elvChassis,calUHSS,,108268326.86734313,2040
ELV_shredded,BEV,elvChassis,calcastAluminiumAlSiCu,,41837578.05979538,2040
ELV_shredded,BEV,elvChassis,calcastAluminiumAlSiMg,,62774009.302529894,2040
ELV_shredded,BEV,elvClosures,,,428853295.4584839,2040
ELV_shredded,BEV,elvClosures,calAHSS,,59988153.459139995,2040
ELV_shredded,BEV,elvClosures,calAHSS_DualPhase,,59947244.42376097,2040
ELV_shredded,BEV,elvClosures,calAl_5xxx,,81096360.49172972,2040
ELV_shredded,BEV,elvClosures,calAl_6xxx,,34769572.4479393,2040
ELV_shredded,BEV,elvClosures,calHSS,,149961386.35243836,2040
ELV_shredded,BEV,elvClosures,calMagnesium,,13118436.69562187,2040
ELV_shredded,BEV,elvClosures,calOthers,,29972141.57992401,2040
ELV_shredded,BEV,elvDriveline,,,132171379.36053465,2040
ELV_shredded,BEV,elvDriveline,calAl_6xxx,,3569847.8538944246,2040
ELV_shredded,BEV,elvDriveline,calAl_7xxx,,3572128.8648521425,2040
ELV_shredded,BEV,elvDriveline,calMagnesium,,4046756.8755512233,2040
ELV_shredded,BEV,elvDriveline,calalloySteel,,18482193.294578552,2040
ELV_shredded,BEV,elvDriveline,calcastAluminiumAlSiCu,,20006726.724313356,2040
ELV_shredded,BEV,elvDriveline,calcastAluminiumAlSiMg,,8568521.831850434,2040
ELV_shredded,BEV,elvDriveline,calcastIron,,9237828.613578035,2040
ELV_shredded,BEV,elvDriveline,calmildSteel,,46207948.87823486,2040
ELV_shredded,BEV,elvDriveline,calstainlessSteel,,18479426.40031433,2040
ELV_shredded,BEV,elvPowertrain,,,158451705.12753907,2040
ELV_shredded,BEV,elvPowertrain,calAl_6xxx,,2085808.495814228,2040
ELV_shredded,BEV,elvPowertrain,calAl_7xxx,,2084575.0285754206,2040
ELV_shredded,BEV,elvPowertrain,calHSS,,5394549.7800304415,2040
ELV_shredded,BEV,elvPowertrain,calMagnesium,,4721795.466676522,2040
ELV_shredded,BEV,elvPowertrain,calalloySteel,,5395283.836300277,2040
ELV_shredded,BEV,elvPowertrain,calcastAluminiumAlSiCu,,33343734.602813724,2040
ELV_shredded,BEV,elvPowertrain,calcastAluminiumAlSiMg,,8336528.224724198,2040
ELV_shredded,BEV,elvPowertrain,calcastIron,,86298881.36373901,2040
ELV_shredded,BEV,elvPowertrain,calmildSteel,,5394228.336893845,2040
ELV_shredded,BEV,elvPowertrain,calstainlessSteel,,5396319.991669846,2040
ELV_shredded,BEV,elvSteering,,,89347867.98018798,2040
ELV_shredded,BEV,elvSteering,calAl_6xxx,,9653719.405451775,2040
ELV_shredded,BEV,elvSteering,calAl_7xxx,,2413562.3384272098,2040
ELV_shredded,BEV,elvSteering,calHSS,,9369872.71668892,2040
ELV_shredded,BEV,elvSteering,calMagnesium,,2734495.390081739,2040
ELV_shredded,BEV,elvSteering,calalloySteel,,12493579.05852432,2040
ELV_shredded,BEV,elvSteering,calcastAluminiumAlSiCu,,4828587.004781436,2040
ELV_shredded,BEV,elvSteering,calcastAluminiumAlSiMg,,7240216.626359749,2040
ELV_shredded,BEV,elvSteering,calmildSteel,,31240027.854017638,2040
ELV_shredded,BEV,elvSteering,calstainlessSteel,,9373807.582574654,2040
ELV_shredded,BEV,elvThermalManagement,,,146841054.88461608,2040
ELV_shredded,BEV,elvThermalManagement,calAl_6xxx,,16089355.154013824,2040
ELV_shredded,BEV,elvThermalManagement,calAl_7xxx,,2011056.2451709746,2040
ELV_shredded,BEV,elvThermalManagement,calMagnesium,,4555500.070945931,2040
ELV_shredded,BEV,elvThermalManagement,calOthers,,10412504.9843544,2040
ELV_shredded,BEV,elvThermalManagement,calalloySteel,,20816000.072097015,2040
ELV_shredded,BEV,elvThermalManagement,calcastAluminiumAlSiCu,,8045732.62401638,2040
ELV_shredded,BEV,elvThermalManagement,calcastAluminiumAlSiMg,,12067021.877161026,2040
ELV_shredded,BEV,elvThermalManagement,calmildSteel,,20815106.78354912,2040
ELV_shredded,BEV,elvThermalManagement,calstainlessSteel,,52028777.089401245,2040
ELV_shredded,BEV,elvTransmission,,,98022531.59533082,2040
ELV_shredded,BEV,elvTransmission,calAl_6xxx,,10594619.942184446,2040
ELV_shredded,BEV,elvTransmission,calAl_7xxx,,2649004.7467595097,2040
ELV_shredded,BEV,elvTransmission,calHSS,,10278680.350410461,2040
ELV_shredded,BEV,elvTransmission,calMagnesium,,2999908.7648489,2040
ELV_shredded,BEV,elvTransmission,calalloySteel,,13708924.205692291,2040
ELV_shredded,BEV,elvTransmission,calcastAluminiumAlSiCu,,7944152.5292747505,2040
ELV_shredded,BEV,elvTransmission,calcastAluminiumAlSiMg,,5297649.83601265,2040
ELV_shredded,BEV,elvTransmission,calmildSteel,,34276319.74167023,2040
ELV_shredded,BEV,elvTransmission,calstainlessSteel,,10273271.471054077,2040
ELV_shredded,BEV,elvTrim,,,65495211.577705376,2040
ELV_shredded,BEV,elvTrim,calAl_6xxx,,7079690.161096,2040
ELV_shredded,BEV,elvTrim,calAl_7xxx,,1770306.1797399996,2040
ELV_shredded,BEV,elvTrim,calHSS,,22896141.132493973,2040
ELV_shredded,BEV,elvTrim,calMagnesium,,2003945.2090366597,2040
ELV_shredded,BEV,elvTrim,calalloySteel,,6865645.0813154215,2040
ELV_shredded,BEV,elvTrim,calcastAluminiumAlSiCu,,4424938.747185324,2040
ELV_shredded,BEV,elvTrim,calcastAluminiumAlSiMg,,4425056.601641846,2040
ELV_shredded,BEV,elvTrim,calmildSteel,,9158989.554135323,2040
ELV_shredded,BEV,elvTrim,calstainlessSteel,,6870498.9049718855,2040
ELV_shredded,BEV,elvWheels,,,120922715.09666748,2040
ELV_shredded,BEV,elvWheels,calAl_6xxx,,13072673.29823494,2040
ELV_shredded,BEV,elvWheels,calAl_7xxx,,3266093.9504671097,2040
ELV_shredded,BEV,elvWheels,calMagnesium,,3698747.112584782,2040
ELV_shredded,BEV,elvWheels,calcastAluminiumAlSiCu,,6537284.378844259,2040
ELV_shredded,BEV,elvWheels,calcastAluminiumAlSiMg,,9799192.655962562,2040
ELV_shredded,BEV,elvWheels,calmildSteel,,84548723.67828369,2040
