family,element,layer,coefficients,processes,min,median,max,years,scenarios,data_quality_best,data_quality_worst,references
hydro,Co,ElementLvl1,102,2,0.01,0.7942,1.0,2010-2050,BAU;OBS;REC,1.0,4.0,2
hydro,Ni,ElementLvl1,102,2,0.01,0.9122,1.0,2010-2050,BAU;OBS;REC,1.0,4.0,2
hydro,Li,ElementLvl1,84,2,0.0,0.5,1.0,2010-2050,BAU;BAU/REC/CIR;OBS;REC,1.0,4.0,4
hydro,Fe,ElementLvl1,81,2,0.0396,0.9604,1.0,2010-2050,BAU;BAU/REC/CIR;OBS;REC,1.0,4.0,4
hydro,Cu,ElementLvl1,54,1,0.02,0.97,1.0,2010-2050,BAU;OBS;REC,1.0,4.0,2
hydro,P,ElementLvl1,54,2,0.09,0.88,1.0,2010-2050,BAU;BAU/REC/CIR;OBS;REC,2.0,4.0,3
hydro,Mn,ElementLvl1,49,1,0.0,0.8,1.0,2010-2050,BAU;OBS;REC,2.5,4.0,2
hydro,Al,ElementLvl1,39,1,0.1,1.0,1.0,2010-2050,BAU;OBS;REC,2.5,4.0,1
hydro,graphite4,MaterialLvl4,26,2,0.0,0.35,0.95,2010-2050,BAU;BAU/REC/CIR;OBS;REC,2.0,4.0,3
hydro,O,ElementLvl1,12,1,0.09,0.5,0.91,2022-2050,BAU/REC/CIR,2.0,3.5,2
hydro,Ag,ElementLvl1,4,1,0.015,0.5,0.985,2010-2010,OBS/BAU/REC/CIR,2.0,2.0,3
hydro,Ce,ElementLvl1,4,1,0.0,0.2,0.6,2010-2050,REC,2.5,4.0,1
hydro,La,ElementLvl1,4,1,0.0,0.2,0.6,2010-2050,REC,2.5,4.0,1
hydro,Nd,ElementLvl1,4,1,0.0,0.2,0.6,2010-2050,REC,2.5,4.0,1
hydro,Pr,ElementLvl1,4,1,0.0,0.2,0.6,2010-2050,REC,2.5,4.0,1
hydro,Zn,ElementLvl1,4,1,0.02,0.5,0.98,2010-2010,OBS/BAU/REC/CIR,1.0,1.0,2
hydro,ferrousMetals0,MaterialLvl0,3,1,1.0,1.0,1.0,2010-2050,REC,1.0,2.5,1
mechanical,Fe,ElementLvl1,132,1,0.0131,0.5,0.9869,2010-2050,BAU;BAU/REC/CIR;OBS;REC,1.0,4.0,5
mechanical,Al,ElementLvl1,126,1,0.02,0.8371,1.0,2010-2050,BAU;BAU/REC/CIR;OBS;REC,1.0,4.0,4
mechanical,battLiRechargeable,BATT_ProductLvl1,96,1,0.0,0.0504,0.9043,2010-2050,BAU;REC,2.5,4.0,1
mechanical,ferrousMetals1,MaterialLvl1,70,2,0.02,0.5,0.98,2010-2050,BAU;BAU/REC/CIR;OBS;OBS/BAU/REC/CIR;REC,1.0,4.0,5
mechanical,Li,ElementLvl1,66,1,0.0131,0.5,0.9869,2010-2050,BAU;BAU/REC/CIR;OBS;REC,1.0,4.0,5
mechanical,O,ElementLvl1,66,1,0.0131,0.5,0.9869,2010-2050,BAU;BAU/REC/CIR;OBS;REC,1.0,4.0,5
mechanical,P,ElementLvl1,66,1,0.0131,0.5,0.9869,2010-2050,BAU;BAU/REC/CIR;OBS;REC,1.0,4.0,5
mechanical,Cu,ElementLvl1,60,1,0.05,0.8964,1.0,2010-2050,BAU;BAU/REC/CIR;OBS;REC,1.0,4.0,4
mechanical,Mn,ElementLvl1,58,2,0.01,0.5,0.99,2010-2050,BAU;OBS;OBS/BAU/REC/CIR;REC,1.0,4.0,5
mechanical,AlAndAlAlloys,MaterialLvl1,54,1,0.0622,0.5,0.9378,2010-2050,BAU;OBS;REC,1.0,2.5,2
mechanical,Cl,ElementLvl1,54,1,0.03,0.5,0.97,2010-2050,BAU;OBS;REC,1.0,4.0,3
mechanical,Co,ElementLvl1,54,1,0.03,0.5,0.97,2010-2050,BAU;OBS;REC,1.0,4.0,3
mechanical,Ni,ElementLvl1,54,1,0.03,0.5,0.97,2010-2050,BAU;OBS;REC,1.0,4.0,3
mechanical,S,ElementLvl1,54,1,0.03,0.5,0.97,2010-2050,BAU;OBS;REC,1.0,4.0,3
mechanical,graphite4,MaterialLvl4,48,1,0.0131,0.5,0.9869,2010-2050,BAU;BAU/REC/CIR;OBS;REC,1.0,4.0,5
mechanical,C,ElementLvl1,18,1,0.03,0.5,0.97,2010-2050,BAU;OBS;REC,1.0,2.5,2
mechanical,plastics,MaterialLvl1,18,1,0.02,0.98,1.0,2022-2050,BAU/REC/CIR,1.0,4.0,2
mechanical,batteryCellCasing1,ComponentLvl1,12,1,0.05,0.5,0.95,2010-2010,BAU;OBS/BAU/REC/CIR;REC,2.5,2.5,1
mechanical,organicSolvents,MaterialLvl4,12,1,0.11,0.5,0.89,2022-2050,BAU/REC/CIR,2.0,3.5,2
mechanical,shadowMaterial4,MaterialLvl4,12,1,0.11,0.5,0.89,2022-2050,BAU/REC/CIR,2.0,3.5,2
mechanical,batteryCellAnode,ComponentLvl1,8,1,0.05,0.5,0.95,2010-2010,BAU;OBS/BAU/REC/CIR;REC,2.5,2.5,1
mechanical,batteryCellCathode,ComponentLvl1,8,1,0.05,0.5,0.95,2010-2010,BAU;OBS/BAU/REC/CIR;REC,2.5,2.5,1
mechanical,batteryCellElectrolyte1,ComponentLvl1,8,1,0.0,0.025,0.95,2010-2010,BAU;OBS/BAU/REC/CIR;REC,2.5,2.5,1
mechanical,cathodeAdditive,ComponentLvl2,8,1,0.05,0.5,0.95,2010-2010,BAU;OBS/BAU/REC/CIR;REC,2.5,2.5,1
mechanical,currentCollectorAnode,ComponentLvl2,8,1,0.05,0.5,0.95,2010-2010,BAU;OBS/BAU/REC/CIR;REC,2.5,2.5,1
mechanical,currentCollectorCathode,ComponentLvl2,8,1,0.05,0.5,0.95,2010-2010,BAU;OBS/BAU/REC/CIR;REC,2.5,2.5,1
mechanical,Ag,ElementLvl1,4,1,0.05,0.5,0.95,2010-2010,OBS/BAU/REC/CIR,2.5,2.5,1
mechanical,Hg,ElementLvl1,4,1,0.05,0.5,0.95,2010-2010,OBS/BAU/REC/CIR,2.5,2.5,1
mechanical,Zn,ElementLvl1,4,1,0.01,0.5,0.99,2010-2010,OBS/BAU/REC/CIR,1.0,1.0,2
mechanical,anodeActiveMaterial,ComponentLvl2,4,1,0.05,0.5,0.95,2010-2010,OBS/BAU/REC/CIR,2.5,2.5,1
mechanical,anodeAndCathodeActiveMaterial,ComponentLvl2,4,1,0.05,0.5,0.95,2010-2010,OBS/BAU/REC/CIR,2.5,2.5,1
mechanical,batteryCellBinder1,ComponentLvl1,4,1,0.0,0.0,0.0,2010-2010,BAU;OBS/BAU/REC/CIR;REC,2.5,2.5,1
mechanical,batteryCellSeparator1,ComponentLvl1,4,1,0.0,0.0,0.0,2010-2010,BAU;OBS/BAU/REC/CIR;REC,2.5,2.5,1
mechanical,cathodeActiveMaterial,ComponentLvl2,4,1,0.05,0.5,0.95,2010-2010,OBS/BAU/REC/CIR,2.5,2.5,1
mechanical,currentCollectorAnodeAndCathode,ComponentLvl2,4,1,0.05,0.5,0.95,2010-2010,OBS/BAU/REC/CIR,2.5,2.5,1
mechanical,batteryCellSeparator2,ComponentLvl2,2,1,0.0,0.0,0.0,2010-2010,OBS/BAU/REC/CIR,2.5,2.5,1
preparation,battLiRechargeable,BATT_ProductLvl1,200,2,0.0,0.6064,1.0,2010-2050,BAU;CIR;OBS/BAU/REC/CIR;REC,2.5,4.0,1
preparation,battNaRechargeable,BATT_ProductLvl1,200,2,0.0,0.6064,1.0,2010-2050,BAU;CIR;OBS/BAU/REC/CIR;REC,2.5,4.0,1
preparation,battPackXEV,BATT_ProductLvl1,2,1,0.97,0.97,0.97,2010-2010,OBS/BAU/REC/CIR,2.5,2.5,1
preparation,battPackXEV_Losses,BATT_ProductLvl1,2,1,0.03,0.03,0.03,2010-2010,OBS/BAU/REC/CIR,2.5,2.5,1
thermal,Co,ElementLvl1,70,4,0.01,0.94,1.0,2010-2050,BAU;OBS;OBS/BAU/REC/CIR;REC,1.0,4.0,2
thermal,Fe,ElementLvl1,70,2,0.355,0.645,1.0,2010-2050,BAU;OBS;REC,1.0,2.5,2
thermal,Ni,ElementLvl1,70,4,0.01,0.99,1.0,2010-2050,BAU;OBS;OBS/BAU/REC/CIR;REC,1.0,2.5,2
thermal,Cu,ElementLvl1,44,2,0.03,0.928,1.0,2010-2050,BAU;OBS;REC,1.0,4.0,2
thermal,Al,ElementLvl1,39,2,1.0,1.0,1.0,2010-2050,BAU;OBS;REC,1.0,2.5,2
thermal,Li,ElementLvl1,39,2,1.0,1.0,1.0,2010-2050,BAU;OBS;REC,1.0,2.5,2
thermal,Mn,ElementLvl1,35,3,0.04,1.0,1.0,2010-2050,BAU;OBS;OBS/BAU/REC/CIR;REC,1.0,2.5,3
thermal,P,ElementLvl1,31,2,1.0,1.0,1.0,2010-2050,BAU;OBS;REC,1.0,2.5,2
thermal,AlAndAlAlloys,MaterialLvl1,8,1,1.0,1.0,1.0,2010-2025,BAU;OBS;REC,2.5,2.5,1
thermal,Cl,ElementLvl1,8,1,1.0,1.0,1.0,2010-2025,BAU;OBS;REC,2.5,2.5,1
thermal,O,ElementLvl1,8,1,1.0,1.0,1.0,2010-2025,BAU;OBS;REC,2.5,2.5,1
thermal,S,ElementLvl1,8,1,1.0,1.0,1.0,2010-2025,BAU;OBS;REC,2.5,2.5,1
thermal,Si,ElementLvl1,8,1,1.0,1.0,1.0,2010-2025,BAU;OBS;REC,2.5,2.5,1
thermal,ferrousMetals0,MaterialLvl0,8,2,0.355,0.5,0.645,2010-2010,BAU;OBS/BAU/REC/CIR;REC,1.0,1.0,1
thermal,ferrousMetals1,MaterialLvl1,8,1,1.0,1.0,1.0,2010-2025,BAU;OBS;REC,2.5,2.5,1
thermal,Pb,ElementLvl1,6,1,0.005,0.015,0.98,2010-2010,OBS/BAU/REC/CIR,1.0,1.0,1
thermal,Ag,ElementLvl1,4,1,0.01,0.5,0.99,2010-2010,OBS/BAU/REC/CIR,2.5,2.5,1
thermal,C,ElementLvl1,4,1,1.0,1.0,1.0,2010-2025,BAU;OBS;REC,2.5,2.5,1
thermal,Cd,ElementLvl1,4,1,0.01,0.5,0.99,2010-2010,OBS/BAU/REC/CIR,2.5,2.5,3
thermal,Hg,ElementLvl1,4,1,0.01,0.5,0.99,2010-2010,OBS/BAU/REC/CIR,2.5,2.5,1
thermal,Sb,ElementLvl1,4,1,0.02,0.5,0.98,2010-2010,OBS/BAU/REC/CIR,1.0,1.0,2
thermal,Zn,ElementLvl1,4,1,0.05,0.5,0.95,2010-2010,OBS/BAU/REC/CIR,1.0,1.0,1
thermal,graphite4,MaterialLvl4,4,1,1.0,1.0,1.0,2010-2025,BAU;OBS;REC,2.5,2.5,1
thermal,Ce,ElementLvl1,2,1,1.0,1.0,1.0,2010-2010,BAU;REC,2.5,2.5,1
thermal,La,ElementLvl1,2,1,1.0,1.0,1.0,2010-2010,BAU;REC,2.5,2.5,1
thermal,Nd,ElementLvl1,2,1,1.0,1.0,1.0,2010-2010,BAU;REC,2.5,2.5,1
thermal,Pr,ElementLvl1,2,1,1.0,1.0,1.0,2010-2010,BAU;REC,2.5,2.5,1
