horizon,route,sheet,step,step_name,material,min,mode,max,loss_mode,units,reliability,ref_numbers,references,note
2030,disassembly,TC_2030_Disassembly_Route,1,EoL vehicle collection,NdFeB (all),0.7,0.8,0.9,0.2,frac.,100%,"37,38",Eurostat (2025). End-of-life vehicle statistics -- ec.europa.eu/eurostat | EC Environment (2024). End-of-life vehicles regulation -- environment.ec.europa.eu,Fraction of PMSM-bearing EoL vehicles reaching ATF. Report: NR fleet-wide; scenario assumption.
2030,disassembly,TC_2030_Disassembly_Route,1,EoL vehicle collection,Cu,0.7,0.8,0.9,0.2,frac.,100%,"37,38",Eurostat (2025). End-of-life vehicle statistics -- ec.europa.eu/eurostat | EC Environment (2024). End-of-life vehicles regulation -- environment.ec.europa.eu,Same upstream for all motor materials
2030,disassembly,TC_2030_Disassembly_Route,1,EoL vehicle collection,Al,0.7,0.8,0.9,0.2,frac.,100%,"37,38",Eurostat (2025). End-of-life vehicle statistics -- ec.europa.eu/eurostat | EC Environment (2024). End-of-life vehicles regulation -- environment.ec.europa.eu,Same upstream for all motor materials
2030,disassembly,TC_2030_Disassembly_Route,1,EoL vehicle collection,Fe/Si-steel,0.7,0.8,0.9,0.2,frac.,100%,"37,38",Eurostat (2025). End-of-life vehicle statistics -- ec.europa.eu/eurostat | EC Environment (2024). End-of-life vehicles regulation -- environment.ec.europa.eu,Same upstream for all motor materials
2030,disassembly,TC_2030_Disassembly_Route,2,Motor removal from vehicle,NdFeB (all),0.85,0.93,0.98,0.07,frac.,80–100%,"6,7,8,9","Springer (peer-reviewed) (2024). Automated magnet disassembly research -- link.springer.com/chapter/10.1007/978-3-031-84744-8_6 | ScienceDirect (peer-reviewed) (2025). Human-robot cooperative motor disassembly -- sciencedirect.com/S2212827125003786 | Fraunhofer (2024). REASSERT: reuse, repair, remanufacturing, recycling of e-motors -- fraunhofer.de/en/press/2024/electromobility-second-life | Fraunhofer IWKS (2025). ZDR-EMIL: automated dismantling for electromobility -- iwks.fraunhofer.de/en/competencies/zdr-emil.html","Motor unit extracted intact. Manual: mature. Robotic: pilot [Ref 6,7,8,9]. Report: NR; scenario assumption."
2030,disassembly,TC_2030_Disassembly_Route,2,Motor removal from vehicle,Cu,0.85,0.93,0.98,0.07,frac.,80–100%,"6,7,8,9","Springer (peer-reviewed) (2024). Automated magnet disassembly research -- link.springer.com/chapter/10.1007/978-3-031-84744-8_6 | ScienceDirect (peer-reviewed) (2025). Human-robot cooperative motor disassembly -- sciencedirect.com/S2212827125003786 | Fraunhofer (2024). REASSERT: reuse, repair, remanufacturing, recycling of e-motors -- fraunhofer.de/en/press/2024/electromobility-second-life | Fraunhofer IWKS (2025). ZDR-EMIL: automated dismantling for electromobility -- iwks.fraunhofer.de/en/competencies/zdr-emil.html",Motor removed as unit → same TC for all internal materials
2030,disassembly,TC_2030_Disassembly_Route,2,Motor removal from vehicle,Al,0.85,0.93,0.98,0.07,frac.,80–100%,"6,7,8,9","Springer (peer-reviewed) (2024). Automated magnet disassembly research -- link.springer.com/chapter/10.1007/978-3-031-84744-8_6 | ScienceDirect (peer-reviewed) (2025). Human-robot cooperative motor disassembly -- sciencedirect.com/S2212827125003786 | Fraunhofer (2024). REASSERT: reuse, repair, remanufacturing, recycling of e-motors -- fraunhofer.de/en/press/2024/electromobility-second-life | Fraunhofer IWKS (2025). ZDR-EMIL: automated dismantling for electromobility -- iwks.fraunhofer.de/en/competencies/zdr-emil.html",Motor removed as unit → same TC
2030,disassembly,TC_2030_Disassembly_Route,2,Motor removal from vehicle,Fe/Si-steel,0.85,0.93,0.98,0.07,frac.,80–100%,"6,7,8,9","Springer (peer-reviewed) (2024). Automated magnet disassembly research -- link.springer.com/chapter/10.1007/978-3-031-84744-8_6 | ScienceDirect (peer-reviewed) (2025). Human-robot cooperative motor disassembly -- sciencedirect.com/S2212827125003786 | Fraunhofer (2024). REASSERT: reuse, repair, remanufacturing, recycling of e-motors -- fraunhofer.de/en/press/2024/electromobility-second-life | Fraunhofer IWKS (2025). ZDR-EMIL: automated dismantling for electromobility -- iwks.fraunhofer.de/en/competencies/zdr-emil.html",Motor removed as unit → same TC
2030,disassembly,TC_2030_Disassembly_Route,3,"Motor pre-processing (dehousing, demag)",NdFeB (all),0.8,0.88,0.95,0.12,frac.,100%,"14,16,47,48",ScienceDirect (peer-reviewed) (2024). Functional disassembly and direct recycling of PM motors -- sciencedirect.com/S0921344924001769 | ScienceDirect (peer-reviewed) (2025). Debonding and disassembly-time reduction -- sciencedirect.com/S2214993725003549 | MDPI Metals (peer-reviewed) (2024). NdFeB recycling and demagnetisation routes review -- mdpi.com/2075-4701/14/6/658 | ScienceDirect (peer-reviewed) (2024). Thermal treatment and NdFeB recycling -- sciencedirect.com/S2452223624000051,"Dehousing + thermal demag. Demag at ~300–500°C [Ref 47,48]. Oxidation risk if atmosphere not controlled. Report: NR."
2030,disassembly,TC_2030_Disassembly_Route,3,Motor pre-processing,Cu,0.9,0.95,0.98,0.05,frac.,80%,—,,Cu windings separated at this stage; high recovery potential
2030,disassembly,TC_2030_Disassembly_Route,3,Motor pre-processing,Al,0.92,0.96,0.99,0.04,frac.,80%,—,,Housing removed first — clean Al fraction
2030,disassembly,TC_2030_Disassembly_Route,3,Motor pre-processing,Fe/Si-steel,0.85,0.92,0.97,0.08,frac.,80%,—,,Laminations separated from Cu and magnets
2030,disassembly,TC_2030_Disassembly_Route,4a,Magnet extraction (disassembly),NdFeB (all),0.7,0.82,0.92,0.18,frac.,100%,"14,16,17",ScienceDirect (peer-reviewed) (2024). Functional disassembly and direct recycling of PM motors -- sciencedirect.com/S0921344924001769 | ScienceDirect (peer-reviewed) (2025). Debonding and disassembly-time reduction -- sciencedirect.com/S2214993725003549 | ScienceDirect (peer-reviewed) (2025). H₂ and metallurgical recovery of NdFeB -- sciencedirect.com/S2214993725055123,IPM in closed pockets: difficult. SPM: easier. H₂-assisted liberation possible [Ref 17]. Report: NR.
2030,disassembly,TC_2030_Disassembly_Route,5,"Magnet pre-processing (decoat, mill)",NdFeB (all),0.88,0.93,0.97,0.07,frac.,80%,"20,21,33",Fraunhofer IWKS (2025). Magnetic Materials Recycling competence -- iwks.fraunhofer.de/Recycling.html | Fraunhofer IWKS (2025). RecyPer project — recycled magnetic material -- iwks.fraunhofer.de/recyper.html | Okon Recycling (2025). EV motor magnet recovery -- okonrecycling.com/ev-motor-magnet-recovery,"Decoating, crushing, milling. Clean magnets: straightforward. Contaminated: lower TC."
2030,disassembly,TC_2030_Disassembly_Route,6b,Hydromet — acid leach + SX,Nd,0.85,0.92,0.97,0.08,frac.,100%,"31,32,34","MDPI Processes (peer-reviewed) (2025). Integrated motor recycling, smelting and hydromet recovery -- mdpi.com/2227-9717/13/6/1729 | RSC Chem. Commun. (peer-reviewed) (2025). Electrochemical and metallurgical RE recovery -- pubs.rsc.org/d4cc04252b | REEcycle Inc. (2025). Recycle electric motor magnets (99.8% claim) -- reecycleinc.com/recycle-electric-motor-magnets","Leaching + SX. Selected stages >99% [Ref 31,32]. Full-route TC lower. Supplier claim 99.8% [Ref 34, Rel:60%]."
2030,disassembly,TC_2030_Disassembly_Route,6b,Hydromet — acid leach + SX,Pr,0.83,0.9,0.96,0.1,frac.,100%,"31,32","MDPI Processes (peer-reviewed) (2025). Integrated motor recycling, smelting and hydromet recovery -- mdpi.com/2227-9717/13/6/1729 | RSC Chem. Commun. (peer-reviewed) (2025). Electrochemical and metallurgical RE recovery -- pubs.rsc.org/d4cc04252b",Pr behaviour similar to Nd in hydromet
2030,disassembly,TC_2030_Disassembly_Route,6b,Hydromet — acid leach + SX,Dy,0.8,0.88,0.95,0.12,frac.,100%,"31,32","MDPI Processes (peer-reviewed) (2025). Integrated motor recycling, smelting and hydromet recovery -- mdpi.com/2227-9717/13/6/1729 | RSC Chem. Commun. (peer-reviewed) (2025). Electrochemical and metallurgical RE recovery -- pubs.rsc.org/d4cc04252b",Dy may partition differently in SX [Report §9.4]
2030,disassembly,TC_2030_Disassembly_Route,6b,Hydromet — acid leach + SX,Tb,0.78,0.86,0.94,0.14,frac.,100%,"31,32","MDPI Processes (peer-reviewed) (2025). Integrated motor recycling, smelting and hydromet recovery -- mdpi.com/2227-9717/13/6/1729 | RSC Chem. Commun. (peer-reviewed) (2025). Electrochemical and metallurgical RE recovery -- pubs.rsc.org/d4cc04252b",Tb: least abundant; higher uncertainty
2030,disassembly,TC_2030_Disassembly_Route,7,REE separation (SX),Nd,0.88,0.93,0.98,0.07,frac.,100%,"31,32","MDPI Processes (peer-reviewed) (2025). Integrated motor recycling, smelting and hydromet recovery -- mdpi.com/2227-9717/13/6/1729 | RSC Chem. Commun. (peer-reviewed) (2025). Electrochemical and metallurgical RE recovery -- pubs.rsc.org/d4cc04252b",SX is industrial technology. Motor-specific chain integration is the gap.
2030,disassembly,TC_2030_Disassembly_Route,7,REE separation (SX),Pr,0.86,0.91,0.97,0.09,frac.,100%,"31,32","MDPI Processes (peer-reviewed) (2025). Integrated motor recycling, smelting and hydromet recovery -- mdpi.com/2227-9717/13/6/1729 | RSC Chem. Commun. (peer-reviewed) (2025). Electrochemical and metallurgical RE recovery -- pubs.rsc.org/d4cc04252b",Pr/Nd separation well-established
2030,disassembly,TC_2030_Disassembly_Route,7,REE separation (SX),Dy,0.85,0.91,0.97,0.09,frac.,100%,"31,32","MDPI Processes (peer-reviewed) (2025). Integrated motor recycling, smelting and hydromet recovery -- mdpi.com/2227-9717/13/6/1729 | RSC Chem. Commun. (peer-reviewed) (2025). Electrochemical and metallurgical RE recovery -- pubs.rsc.org/d4cc04252b",HRE separation: commercial
2030,disassembly,TC_2030_Disassembly_Route,7,REE separation (SX),Tb,0.83,0.89,0.96,0.11,frac.,100%,"31,32","MDPI Processes (peer-reviewed) (2025). Integrated motor recycling, smelting and hydromet recovery -- mdpi.com/2227-9717/13/6/1729 | RSC Chem. Commun. (peer-reviewed) (2025). Electrochemical and metallurgical RE recovery -- pubs.rsc.org/d4cc04252b",Tb/Dy separation: commercial but trace qty
2030,disassembly,TC_2030_Disassembly_Route,8,REE oxide/metal production,Nd,0.9,0.95,0.98,0.05,frac.,80%,—,,Calcination/reduction: mature industrial process
2030,disassembly,TC_2030_Disassembly_Route,8,REE oxide/metal production,Pr,0.9,0.95,0.98,0.05,frac.,80%,—,,Same mature process
2030,disassembly,TC_2030_Disassembly_Route,8,REE oxide/metal production,Dy,0.9,0.95,0.98,0.05,frac.,80%,—,,Same mature process
2030,disassembly,TC_2030_Disassembly_Route,8,REE oxide/metal production,Tb,0.9,0.95,0.98,0.05,frac.,80%,—,,Same mature process
2030,disassembly,TC_2030_Disassembly_Route,9,Cu winding separation & refining,Cu,0.82,0.9,0.96,0.1,frac.,80%,§7,,Mechanical cutting/pulling + Cu smelter. Industrially practiced. Motor-specific TC: NR [Report §7].
2030,disassembly,TC_2030_Disassembly_Route,10,Al housing recovery,Al,0.88,0.93,0.97,0.07,frac.,80%,§7,,Dehoused Al castings to secondary smelter. Report: NR; scenario assumption.
2030,disassembly,TC_2030_Disassembly_Route,11,Electrical steel recovery,Fe/Si-steel,0.8,0.88,0.95,0.12,frac.,80%,§7,,Ferrous recovery ≠ functional lamination reuse. New motor-grade sheet from scrap: NR [Report §7].
2030,disassembly,TC_2030_Disassembly_Route,OVERALL CHAIN TC — Disassembly Route (2030),nan,nan,,,,,nan,nan,nan,,nan
2030,disassembly,TC_2030_Disassembly_Route,Chain TC = product of all step Mode TCs,nan,nan,,,,,nan,nan,nan,,nan
2030,disassembly,TC_2030_Disassembly_Route,Material,Chain TC Min,Chain TC Mode,Chain TC Max,Interpretation,Evidence Status,,nan,nan,nan,,nan
2030,disassembly,TC_2030_Disassembly_Route,Total NdFeB,0.29,0.5,0.75,NdFeB reaching magnet recycling feed (before hydromet/HD),Scenario assumption,,nan,nan,nan,,nan
2030,disassembly,TC_2030_Disassembly_Route,Nd (to oxide/metal),0.2,0.41,0.7,Full chain: collection → oxide. Steps 6b–8 are hydromet route.,Scenario assumption,,nan,nan,nan,,nan
2030,disassembly,TC_2030_Disassembly_Route,Pr (to oxide/metal),0.19,0.39,0.68,Full chain: collection → oxide.,Scenario assumption,,nan,nan,nan,,nan
2030,disassembly,TC_2030_Disassembly_Route,Dy (to oxide/metal),0.18,0.38,0.68,Full chain: collection → oxide. Dy may partition differently.,Scenario assumption,,nan,nan,nan,,nan
2030,disassembly,TC_2030_Disassembly_Route,Tb (to oxide/metal),0.17,0.36,0.66,Full chain: collection → oxide. Highest uncertainty (trace qty).,Scenario assumption,,nan,nan,nan,,nan
2030,disassembly,TC_2030_Disassembly_Route,Cu (to secondary Cu),0.44,0.64,0.83,Collection → Cu smelter/refiner.,Scenario assumption,,nan,nan,nan,,nan
2030,disassembly,TC_2030_Disassembly_Route,Al (to secondary Al),0.48,0.66,0.85,Collection → secondary Al smelter.,Scenario assumption,,nan,nan,nan,,nan
2030,disassembly,TC_2030_Disassembly_Route,Fe/Si-steel (to steelmaker),0.4,0.6,0.81,Collection → ferrous scrap. NOT functional lamination reuse.,Scenario assumption,,nan,nan,nan,,nan
2030,shredder,TC_2030_Shredder_Route,1,EoL vehicle collection,NdFeB (all),0.7,0.8,0.9,0.2,frac.,100%,"37,38",Eurostat (2025). End-of-life vehicle statistics -- ec.europa.eu/eurostat | EC Environment (2024). End-of-life vehicles regulation -- environment.ec.europa.eu,Same upstream as disassembly route
2030,shredder,TC_2030_Shredder_Route,1,EoL vehicle collection,Cu,0.7,0.8,0.9,0.2,frac.,100%,"37,38",Eurostat (2025). End-of-life vehicle statistics -- ec.europa.eu/eurostat | EC Environment (2024). End-of-life vehicles regulation -- environment.ec.europa.eu,Same
2030,shredder,TC_2030_Shredder_Route,1,EoL vehicle collection,Al,0.7,0.8,0.9,0.2,frac.,100%,"37,38",Eurostat (2025). End-of-life vehicle statistics -- ec.europa.eu/eurostat | EC Environment (2024). End-of-life vehicles regulation -- environment.ec.europa.eu,Same
2030,shredder,TC_2030_Shredder_Route,1,EoL vehicle collection,Fe/Si-steel,0.7,0.8,0.9,0.2,frac.,100%,"37,38",Eurostat (2025). End-of-life vehicle statistics -- ec.europa.eu/eurostat | EC Environment (2024). End-of-life vehicles regulation -- environment.ec.europa.eu,Same
2030,shredder,TC_2030_Shredder_Route,2,Motor to shredder feed,NdFeB (all),0.95,0.98,1,0.02,frac.,80%,—,,Entire motor enters shredder; minimal pre-sorting loss
2030,shredder,TC_2030_Shredder_Route,2,Motor to shredder feed,Cu,0.95,0.98,1,0.02,frac.,80%,—,,Motor enters shredder intact
2030,shredder,TC_2030_Shredder_Route,2,Motor to shredder feed,Al,0.95,0.98,1,0.02,frac.,80%,—,,Motor enters shredder intact
2030,shredder,TC_2030_Shredder_Route,2,Motor to shredder feed,Fe/Si-steel,0.95,0.98,1,0.02,frac.,80%,—,,Motor enters shredder intact
2030,shredder,TC_2030_Shredder_Route,3,Shredding: NdFeB to ferrous frac.,NdFeB → ferrous,0.2,0.35,0.55,0.65,frac.,100%,"10,11,12,13","Peer-reviewed (2026). Thermal demagnetisation, shredding and NdFeB separation -- doi.org/10.1177/0734242x261476422 | PubMed (peer-reviewed) (2025). Magnet enrichment through mechanical treatment -- pubmed.ncbi.nlm.nih.gov/42625283/ | ChemRxiv (2024). Thermal demagnetisation and mechanical concentration -- chemrxiv.org/6721e7215a82cea2fa4debeb | Springer (peer-reviewed) (2026). Mechanical enrichment of NdFeB motor scrap -- link.springer.com/s12649-026-03754-1","NdFeB brittle+ferromagnetic; fragments partly captured with ferrous. Conc. 9.47→50.8% demo [Ref 10,11,12]. NOT recoverable form."
2030,shredder,TC_2030_Shredder_Route,3,Shredding: NdFeB to non-ferrous frac.,NdFeB → non-ferrous,0.1,0.15,0.2,0.85,frac.,100%,"10,11,12","Peer-reviewed (2026). Thermal demagnetisation, shredding and NdFeB separation -- doi.org/10.1177/0734242x261476422 | PubMed (peer-reviewed) (2025). Magnet enrichment through mechanical treatment -- pubmed.ncbi.nlm.nih.gov/42625283/ | ChemRxiv (2024). Thermal demagnetisation and mechanical concentration -- chemrxiv.org/6721e7215a82cea2fa4debeb",Some NdFeB fragments in non-ferrous stream
2030,shredder,TC_2030_Shredder_Route,3,Shredding: NdFeB to ASR (lost),NdFeB → ASR,0.3,0.4,0.5,0.6,frac.,100%,"10,11,12","Peer-reviewed (2026). Thermal demagnetisation, shredding and NdFeB separation -- doi.org/10.1177/0734242x261476422 | PubMed (peer-reviewed) (2025). Magnet enrichment through mechanical treatment -- pubmed.ncbi.nlm.nih.gov/42625283/ | ChemRxiv (2024). Thermal demagnetisation and mechanical concentration -- chemrxiv.org/6721e7215a82cea2fa4debeb",Fine fragments in auto shredder residue — effectively lost
2030,shredder,TC_2030_Shredder_Route,3,Shredding: NdFeB hydromet recovery,NdFeB → recovered REE,0,0.02,0.05,0.98,frac.,80–100%,"10,33,19","Peer-reviewed (2026). Thermal demagnetisation, shredding and NdFeB separation -- doi.org/10.1177/0734242x261476422 | Okon Recycling (2025). EV motor magnet recovery -- okonrecycling.com/ev-motor-magnet-recovery | Okon Recycling (2025). Motor rare-earth magnet recycling -- okonrecycling.com/rare-earth-motor-magnet-recycling",Currently near zero. NdFeB diluted in ferrous fraction → enters steel melt → REE lost in slag.
2030,shredder,TC_2030_Shredder_Route,4,Ferrous stream → steel melt,NdFeB → recoverable REE,0,0.01,0.03,0.99,frac.,60%,"33,19",Okon Recycling (2025). EV motor magnet recovery -- okonrecycling.com/ev-motor-magnet-recovery | Okon Recycling (2025). Motor rare-earth magnet recycling -- okonrecycling.com/rare-earth-motor-magnet-recycling,NdFeB diluted into steel melt. REE reports to slag. Recovery from EAF slag: NR. Essentially lost.
2030,shredder,TC_2030_Shredder_Route,3,Shredding: Cu to non-ferrous,Cu,0.6,0.75,0.85,0.25,frac.,80%,—,,Lower than disassembly due to mixing and contamination. Cu attached to laminations contaminates steel.
2030,shredder,TC_2030_Shredder_Route,3,Shredding: Al to non-ferrous,Al,0.65,0.78,0.88,0.22,frac.,80%,—,,Al housing fragments in non-ferrous. Alloy mixing degrades quality.
2030,shredder,TC_2030_Shredder_Route,3,Shredding: Fe/Si-steel to ferrous,Fe/Si-steel,0.85,0.92,0.97,0.08,frac.,80%,—,,"Laminations to ferrous fraction. High mass recovery, but functional reuse as motor-grade sheet: NR."
2030,shredder,TC_2030_Shredder_Route,OVERALL CHAIN TC — Shredder Route (2030),nan,nan,,,,,nan,nan,nan,,nan
2030,shredder,TC_2030_Shredder_Route,Chain TC = product of all step Mode TCs,nan,nan,,,,,nan,nan,nan,,nan
2030,shredder,TC_2030_Shredder_Route,Material,Chain TC Min,Chain TC Mode,Chain TC Max,Interpretation,Evidence Status,,nan,nan,nan,,nan
2030,shredder,TC_2030_Shredder_Route,NdFeB → recovered REE,0,0.02,0.05,⚠ NEAR ZERO. NdFeB dispersed into ferrous/ASR → lost in steel melt slag. This is the central finding.,Scenario assumption,,nan,nan,nan,,nan
2030,shredder,TC_2030_Shredder_Route,Cu (shredder non-ferrous),0.4,0.59,0.77,Lower than disassembly route due to mixing/contamination.,Scenario assumption,,nan,nan,nan,,nan
2030,shredder,TC_2030_Shredder_Route,Al (shredder non-ferrous),0.43,0.61,0.79,Lower than disassembly route. Alloy quality degradation.,Scenario assumption,,nan,nan,nan,,nan
2030,shredder,TC_2030_Shredder_Route,Fe/Si-steel (ferrous),0.57,0.72,0.87,High mass recovery but NOT functional lamination reuse.,Scenario assumption,,nan,nan,nan,,nan
2030,shredder,TC_2030_Shredder_Route,Comparison: Disassembly vs Shredder Route (2030),nan,nan,,,,,nan,nan,nan,,nan
2030,shredder,TC_2030_Shredder_Route,Material,Disassembly TC Mode,Shredder TC Mode,Difference,Interpretation,,,nan,nan,nan,,nan
2030,shredder,TC_2030_Shredder_Route,NdFeB → REE,0.5,0.02,0.48,Disassembly recovers ~40× more NdFeB,,,nan,nan,nan,,nan
2030,shredder,TC_2030_Shredder_Route,Cu,0.64,0.59,0.05,Disassembly yields cleaner Cu fraction,,,nan,nan,nan,,nan
2030,shredder,TC_2030_Shredder_Route,Al,0.66,0.61,0.05,Disassembly preserves Al alloy quality,,,nan,nan,nan,,nan
2030,shredder,TC_2030_Shredder_Route,Fe/Si-steel,0.6,0.72,-0.12,Similar mass; functional reuse differs,,,nan,nan,nan,,nan
2060,disassembly,TC_2060_Disassembly_Route,1,EoL vehicle collection,NdFeB (all),0.82,0.9,0.96,0.1,frac.,100%,"37,38,35",Eurostat (2025). End-of-life vehicle statistics -- ec.europa.eu/eurostat | EC Environment (2024). End-of-life vehicles regulation -- environment.ec.europa.eu | EUR-Lex (2024). Regulation (EU) 2024/1252 — Critical Raw Materials Act -- eur-lex.europa.eu,Improved by ELVD mandatory targets + digital tracking. 2030→2060: 0.80→0.90 Mode.
2060,disassembly,TC_2060_Disassembly_Route,1,EoL vehicle collection,Cu,0.82,0.9,0.96,0.1,frac.,100%,"37,38,35",Eurostat (2025). End-of-life vehicle statistics -- ec.europa.eu/eurostat | EC Environment (2024). End-of-life vehicles regulation -- environment.ec.europa.eu | EUR-Lex (2024). Regulation (EU) 2024/1252 — Critical Raw Materials Act -- eur-lex.europa.eu,Same improvement
2060,disassembly,TC_2060_Disassembly_Route,1,EoL vehicle collection,Al,0.82,0.9,0.96,0.1,frac.,100%,"37,38,35",Eurostat (2025). End-of-life vehicle statistics -- ec.europa.eu/eurostat | EC Environment (2024). End-of-life vehicles regulation -- environment.ec.europa.eu | EUR-Lex (2024). Regulation (EU) 2024/1252 — Critical Raw Materials Act -- eur-lex.europa.eu,Same improvement
2060,disassembly,TC_2060_Disassembly_Route,1,EoL vehicle collection,Fe/Si-steel,0.82,0.9,0.96,0.1,frac.,100%,"37,38,35",Eurostat (2025). End-of-life vehicle statistics -- ec.europa.eu/eurostat | EC Environment (2024). End-of-life vehicles regulation -- environment.ec.europa.eu | EUR-Lex (2024). Regulation (EU) 2024/1252 — Critical Raw Materials Act -- eur-lex.europa.eu,Same
2060,disassembly,TC_2060_Disassembly_Route,2,Motor removal from vehicle,NdFeB (all),0.92,0.97,0.99,0.03,frac.,80%,"6,7,8,9","Springer (peer-reviewed) (2024). Automated magnet disassembly research -- link.springer.com/chapter/10.1007/978-3-031-84744-8_6 | ScienceDirect (peer-reviewed) (2025). Human-robot cooperative motor disassembly -- sciencedirect.com/S2212827125003786 | Fraunhofer (2024). REASSERT: reuse, repair, remanufacturing, recycling of e-motors -- fraunhofer.de/en/press/2024/electromobility-second-life | Fraunhofer IWKS (2025). ZDR-EMIL: automated dismantling for electromobility -- iwks.fraunhofer.de/en/competencies/zdr-emil.html","Robotic disassembly mature by 2060. Design-for-disassembly standard [Ref 60,61]."
2060,disassembly,TC_2060_Disassembly_Route,2,Motor removal,Cu,0.92,0.97,0.99,0.03,frac.,80%,"6,7,8,9","Springer (peer-reviewed) (2024). Automated magnet disassembly research -- link.springer.com/chapter/10.1007/978-3-031-84744-8_6 | ScienceDirect (peer-reviewed) (2025). Human-robot cooperative motor disassembly -- sciencedirect.com/S2212827125003786 | Fraunhofer (2024). REASSERT: reuse, repair, remanufacturing, recycling of e-motors -- fraunhofer.de/en/press/2024/electromobility-second-life | Fraunhofer IWKS (2025). ZDR-EMIL: automated dismantling for electromobility -- iwks.fraunhofer.de/en/competencies/zdr-emil.html",Automated removal mature
2060,disassembly,TC_2060_Disassembly_Route,2,Motor removal,Al,0.92,0.97,0.99,0.03,frac.,80%,"6,7,8,9","Springer (peer-reviewed) (2024). Automated magnet disassembly research -- link.springer.com/chapter/10.1007/978-3-031-84744-8_6 | ScienceDirect (peer-reviewed) (2025). Human-robot cooperative motor disassembly -- sciencedirect.com/S2212827125003786 | Fraunhofer (2024). REASSERT: reuse, repair, remanufacturing, recycling of e-motors -- fraunhofer.de/en/press/2024/electromobility-second-life | Fraunhofer IWKS (2025). ZDR-EMIL: automated dismantling for electromobility -- iwks.fraunhofer.de/en/competencies/zdr-emil.html",Same
2060,disassembly,TC_2060_Disassembly_Route,2,Motor removal,Fe/Si-steel,0.92,0.97,0.99,0.03,frac.,80%,"6,7,8,9","Springer (peer-reviewed) (2024). Automated magnet disassembly research -- link.springer.com/chapter/10.1007/978-3-031-84744-8_6 | ScienceDirect (peer-reviewed) (2025). Human-robot cooperative motor disassembly -- sciencedirect.com/S2212827125003786 | Fraunhofer (2024). REASSERT: reuse, repair, remanufacturing, recycling of e-motors -- fraunhofer.de/en/press/2024/electromobility-second-life | Fraunhofer IWKS (2025). ZDR-EMIL: automated dismantling for electromobility -- iwks.fraunhofer.de/en/competencies/zdr-emil.html",Same
2060,disassembly,TC_2060_Disassembly_Route,3,Motor pre-processing,NdFeB (all),0.88,0.94,0.98,0.06,frac.,80%,"14,16,47,48",ScienceDirect (peer-reviewed) (2024). Functional disassembly and direct recycling of PM motors -- sciencedirect.com/S0921344924001769 | ScienceDirect (peer-reviewed) (2025). Debonding and disassembly-time reduction -- sciencedirect.com/S2214993725003549 | MDPI Metals (peer-reviewed) (2024). NdFeB recycling and demagnetisation routes review -- mdpi.com/2075-4701/14/6/658 | ScienceDirect (peer-reviewed) (2024). Thermal treatment and NdFeB recycling -- sciencedirect.com/S2452223624000051,"Improved atmosphere control, standardised dehousing. 2030→2060: 0.88→0.94 Mode."
2060,disassembly,TC_2060_Disassembly_Route,3,Motor pre-processing,Cu,0.93,0.97,0.99,0.03,frac.,80%,—,,Mature winding separation
2060,disassembly,TC_2060_Disassembly_Route,3,Motor pre-processing,Al,0.95,0.98,0.99,0.02,frac.,80%,—,,Design-for-disassembly: easy dehousing
2060,disassembly,TC_2060_Disassembly_Route,3,Motor pre-processing,Fe/Si-steel,0.9,0.95,0.98,0.05,frac.,80%,—,,Improved lamination separation
2060,disassembly,TC_2060_Disassembly_Route,4a,Magnet extraction,NdFeB (all),0.82,0.92,0.97,0.08,frac.,80%,"14,16,17,60",ScienceDirect (peer-reviewed) (2024). Functional disassembly and direct recycling of PM motors -- sciencedirect.com/S0921344924001769 | ScienceDirect (peer-reviewed) (2025). Debonding and disassembly-time reduction -- sciencedirect.com/S2214993725003549 | ScienceDirect (peer-reviewed) (2025). H₂ and metallurgical recovery of NdFeB -- sciencedirect.com/S2214993725055123 | CORDIS (2022). DEMETER project — designing/recycling electric motors -- cordis.europa.eu/article/id/413346,Robotic extraction + H₂ liberation mature. Design-for-disassembly reduces adhesive. 2030→2060: 0.82→0.92 Mode.
2060,disassembly,TC_2060_Disassembly_Route,5,Magnet pre-processing,NdFeB (all),0.92,0.96,0.99,0.04,frac.,80%,"20,21,33",Fraunhofer IWKS (2025). Magnetic Materials Recycling competence -- iwks.fraunhofer.de/Recycling.html | Fraunhofer IWKS (2025). RecyPer project — recycled magnetic material -- iwks.fraunhofer.de/recyper.html | Okon Recycling (2025). EV motor magnet recovery -- okonrecycling.com/ev-motor-magnet-recovery,Automated decoating and milling. 2030→2060: 0.93→0.96 Mode.
2060,disassembly,TC_2060_Disassembly_Route,6a/d,Short-loop recycling (HD/direct),NdFeB → new magnet,0.88,0.93,0.97,0.07,frac.,80%,"17,20,21,22,23",ScienceDirect (peer-reviewed) (2025). H₂ and metallurgical recovery of NdFeB -- sciencedirect.com/S2214993725055123 | Fraunhofer IWKS (2025). Magnetic Materials Recycling competence -- iwks.fraunhofer.de/Recycling.html | Fraunhofer IWKS (2025). RecyPer project — recycled magnetic material -- iwks.fraunhofer.de/recyper.html | HyProMag / Rare Earth Mining (2025). HyProMag hydrogen processing route -- rare-earth-mining.com/hypromag/ | HyProMag USA (2025). HPMS technology description -- hypromagusa.com/technology/,Short-loop (HD/HPMS/direct) becomes main route for clean known feed by 2060. Alloy retained.
2060,disassembly,TC_2060_Disassembly_Route,6b,Hydromet (mixed feed fallback),Nd,0.9,0.96,0.99,0.04,frac.,80%,"31,32","MDPI Processes (peer-reviewed) (2025). Integrated motor recycling, smelting and hydromet recovery -- mdpi.com/2227-9717/13/6/1729 | RSC Chem. Commun. (peer-reviewed) (2025). Electrochemical and metallurgical RE recovery -- pubs.rsc.org/d4cc04252b","Improved reagent efficiency, closed-loop acid. 2030→2060: 0.92→0.96 Mode."
2060,disassembly,TC_2060_Disassembly_Route,6b,Hydromet (mixed feed fallback),Pr,0.88,0.94,0.98,0.06,frac.,80%,"31,32","MDPI Processes (peer-reviewed) (2025). Integrated motor recycling, smelting and hydromet recovery -- mdpi.com/2227-9717/13/6/1729 | RSC Chem. Commun. (peer-reviewed) (2025). Electrochemical and metallurgical RE recovery -- pubs.rsc.org/d4cc04252b",Similar improvement
2060,disassembly,TC_2060_Disassembly_Route,6b,Hydromet (mixed feed fallback),Dy,0.86,0.93,0.97,0.07,frac.,80%,"31,32","MDPI Processes (peer-reviewed) (2025). Integrated motor recycling, smelting and hydromet recovery -- mdpi.com/2227-9717/13/6/1729 | RSC Chem. Commun. (peer-reviewed) (2025). Electrochemical and metallurgical RE recovery -- pubs.rsc.org/d4cc04252b",HRE separation improved
2060,disassembly,TC_2060_Disassembly_Route,6b,Hydromet (mixed feed fallback),Tb,0.84,0.92,0.97,0.08,frac.,80%,"31,32","MDPI Processes (peer-reviewed) (2025). Integrated motor recycling, smelting and hydromet recovery -- mdpi.com/2227-9717/13/6/1729 | RSC Chem. Commun. (peer-reviewed) (2025). Electrochemical and metallurgical RE recovery -- pubs.rsc.org/d4cc04252b",Tb recovery improved
2060,disassembly,TC_2060_Disassembly_Route,7,REE separation (SX),Nd,0.92,0.96,0.99,0.04,frac.,80%,"31,32","MDPI Processes (peer-reviewed) (2025). Integrated motor recycling, smelting and hydromet recovery -- mdpi.com/2227-9717/13/6/1729 | RSC Chem. Commun. (peer-reviewed) (2025). Electrochemical and metallurgical RE recovery -- pubs.rsc.org/d4cc04252b",Mature industrial SX. 2030→2060: 0.93→0.96.
2060,disassembly,TC_2060_Disassembly_Route,7,REE separation (SX),Pr,0.9,0.95,0.99,0.05,frac.,80%,"31,32","MDPI Processes (peer-reviewed) (2025). Integrated motor recycling, smelting and hydromet recovery -- mdpi.com/2227-9717/13/6/1729 | RSC Chem. Commun. (peer-reviewed) (2025). Electrochemical and metallurgical RE recovery -- pubs.rsc.org/d4cc04252b",nan
2060,disassembly,TC_2060_Disassembly_Route,7,REE separation (SX),Dy,0.9,0.95,0.98,0.05,frac.,80%,"31,32","MDPI Processes (peer-reviewed) (2025). Integrated motor recycling, smelting and hydromet recovery -- mdpi.com/2227-9717/13/6/1729 | RSC Chem. Commun. (peer-reviewed) (2025). Electrochemical and metallurgical RE recovery -- pubs.rsc.org/d4cc04252b",nan
2060,disassembly,TC_2060_Disassembly_Route,7,REE separation (SX),Tb,0.88,0.94,0.98,0.06,frac.,80%,"31,32","MDPI Processes (peer-reviewed) (2025). Integrated motor recycling, smelting and hydromet recovery -- mdpi.com/2227-9717/13/6/1729 | RSC Chem. Commun. (peer-reviewed) (2025). Electrochemical and metallurgical RE recovery -- pubs.rsc.org/d4cc04252b",nan
2060,disassembly,TC_2060_Disassembly_Route,8,REE oxide/metal production,All REE,0.93,0.97,0.99,0.03,frac.,80%,—,,Mature. 2030→2060: 0.95→0.97.
2060,disassembly,TC_2060_Disassembly_Route,9,Cu winding separation,Cu,0.88,0.94,0.98,0.06,frac.,80%,§7,,Automated + design-for-disassembly
2060,disassembly,TC_2060_Disassembly_Route,10,Al housing recovery,Al,0.92,0.96,0.99,0.04,frac.,80%,§7,,Mature
2060,disassembly,TC_2060_Disassembly_Route,11,Electrical steel recovery,Fe/Si-steel,0.85,0.92,0.97,0.08,frac.,80%,§7,,Mass recovery high; functional closed-loop reuse emerging but unquantified
2060,disassembly,TC_2060_Disassembly_Route,OVERALL CHAIN TC — Disassembly Route (2060),nan,nan,,,,,nan,nan,nan,,nan
2060,disassembly,TC_2060_Disassembly_Route,Chain TC = product of all step Mode TCs,nan,nan,,,,,nan,nan,nan,,nan
2060,disassembly,TC_2060_Disassembly_Route,Material,Chain TC Min,Chain TC Mode,Chain TC Max,Interpretation,Evidence Status,,nan,nan,nan,,nan
2060,disassembly,TC_2060_Disassembly_Route,NdFeB → new magnet (short-loop),0.44,0.67,0.87,Short-loop: collection → HD/direct → new magnet. No elemental separation.,Scenario assumption,,nan,nan,nan,,nan
2060,disassembly,TC_2060_Disassembly_Route,Nd (hydromet → oxide),0.39,0.65,0.87,Long-loop fallback for mixed/contaminated feed.,Scenario assumption,,nan,nan,nan,,nan
2060,disassembly,TC_2060_Disassembly_Route,Dy (hydromet → oxide),0.36,0.62,0.84,HRE recovery improved.,Scenario assumption,,nan,nan,nan,,nan
2060,disassembly,TC_2060_Disassembly_Route,Cu (to secondary Cu),0.62,0.8,0.92,Automated winding separation.,Scenario assumption,,nan,nan,nan,,nan
2060,disassembly,TC_2060_Disassembly_Route,Al (to secondary Al),0.66,0.82,0.93,Design-for-disassembly.,Scenario assumption,,nan,nan,nan,,nan
2060,disassembly,TC_2060_Disassembly_Route,Fe/Si-steel,0.58,0.76,0.9,Mass recovery. Functional lamination reuse: emerging.,Scenario assumption,,nan,nan,nan,,nan
2060,shredder,TC_2060_Shredder_Route,1,EoL vehicle collection,NdFeB (all),0.82,0.9,0.96,0.1,frac.,100%,"37,38,35",Eurostat (2025). End-of-life vehicle statistics -- ec.europa.eu/eurostat | EC Environment (2024). End-of-life vehicles regulation -- environment.ec.europa.eu | EUR-Lex (2024). Regulation (EU) 2024/1252 — Critical Raw Materials Act -- eur-lex.europa.eu,Same as 2060 disassembly
2060,shredder,TC_2060_Shredder_Route,1,EoL vehicle collection,Cu,0.82,0.9,0.96,0.1,frac.,100%,"37,38,35",Eurostat (2025). End-of-life vehicle statistics -- ec.europa.eu/eurostat | EC Environment (2024). End-of-life vehicles regulation -- environment.ec.europa.eu | EUR-Lex (2024). Regulation (EU) 2024/1252 — Critical Raw Materials Act -- eur-lex.europa.eu,Same
2060,shredder,TC_2060_Shredder_Route,1,EoL vehicle collection,Al,0.82,0.9,0.96,0.1,frac.,100%,"37,38,35",Eurostat (2025). End-of-life vehicle statistics -- ec.europa.eu/eurostat | EC Environment (2024). End-of-life vehicles regulation -- environment.ec.europa.eu | EUR-Lex (2024). Regulation (EU) 2024/1252 — Critical Raw Materials Act -- eur-lex.europa.eu,Same
2060,shredder,TC_2060_Shredder_Route,1,EoL vehicle collection,Fe/Si-steel,0.82,0.9,0.96,0.1,frac.,100%,"37,38,35",Eurostat (2025). End-of-life vehicle statistics -- ec.europa.eu/eurostat | EC Environment (2024). End-of-life vehicles regulation -- environment.ec.europa.eu | EUR-Lex (2024). Regulation (EU) 2024/1252 — Critical Raw Materials Act -- eur-lex.europa.eu,Same
2060,shredder,TC_2060_Shredder_Route,2,Motor to shredder feed,NdFeB (all),0.95,0.98,1,0.02,frac.,80%,—,,Entire motor enters
2060,shredder,TC_2060_Shredder_Route,2,Motor to shredder feed,Cu,0.95,0.98,1,0.02,frac.,80%,—,,Same
2060,shredder,TC_2060_Shredder_Route,2,Motor to shredder feed,Al,0.95,0.98,1,0.02,frac.,80%,—,,Same
2060,shredder,TC_2060_Shredder_Route,2,Motor to shredder feed,Fe/Si-steel,0.95,0.98,1,0.02,frac.,80%,—,,Same
2060,shredder,TC_2060_Shredder_Route,3,Controlled shredding + inline mag. sep.,NdFeB → mag. sep. conc.,0.3,0.5,0.7,0.5,frac.,80%,"10,11,12,13","Peer-reviewed (2026). Thermal demagnetisation, shredding and NdFeB separation -- doi.org/10.1177/0734242x261476422 | PubMed (peer-reviewed) (2025). Magnet enrichment through mechanical treatment -- pubmed.ncbi.nlm.nih.gov/42625283/ | ChemRxiv (2024). Thermal demagnetisation and mechanical concentration -- chemrxiv.org/6721e7215a82cea2fa4debeb | Springer (peer-reviewed) (2026). Mechanical enrichment of NdFeB motor scrap -- link.springer.com/s12649-026-03754-1",OPTIMISTIC 2060 scenario: inline magnetic/sensor separation after demag+shred produces NdFeB-enriched fraction
2060,shredder,TC_2060_Shredder_Route,3,Controlled shredding,NdFeB → ASR (lost),0.15,0.25,0.4,0.75,frac.,80%,"10,11,12","Peer-reviewed (2026). Thermal demagnetisation, shredding and NdFeB separation -- doi.org/10.1177/0734242x261476422 | PubMed (peer-reviewed) (2025). Magnet enrichment through mechanical treatment -- pubmed.ncbi.nlm.nih.gov/42625283/ | ChemRxiv (2024). Thermal demagnetisation and mechanical concentration -- chemrxiv.org/6721e7215a82cea2fa4debeb",Reduced but not eliminated loss to ASR
2060,shredder,TC_2060_Shredder_Route,3→6b,Hydromet of NdFeB concentrate,NdFeB → recovered REE,0.15,0.3,0.5,0.7,frac.,80%,"10,31,32","Peer-reviewed (2026). Thermal demagnetisation, shredding and NdFeB separation -- doi.org/10.1177/0734242x261476422 | MDPI Processes (peer-reviewed) (2025). Integrated motor recycling, smelting and hydromet recovery -- mdpi.com/2227-9717/13/6/1729 | RSC Chem. Commun. (peer-reviewed) (2025). Electrochemical and metallurgical RE recovery -- pubs.rsc.org/d4cc04252b",OPTIMISTIC: hydromet processing of shredder concentrate. Assumes effective inline concentration + hydromet.
2060,shredder,TC_2060_Shredder_Route,3,Shredding: Cu,Cu,0.68,0.8,0.9,0.2,frac.,80%,—,,Improved sensor-based sorting. Still lower than disassembly.
2060,shredder,TC_2060_Shredder_Route,3,Shredding: Al,Al,0.72,0.83,0.92,0.17,frac.,80%,—,,Improved separation technology.
2060,shredder,TC_2060_Shredder_Route,3,Shredding: Fe/Si-steel,Fe/Si-steel,0.88,0.94,0.98,0.06,frac.,80%,—,,High ferrous recovery.
2060,shredder,TC_2060_Shredder_Route,OVERALL CHAIN TC — Shredder Route (2060),nan,nan,,,,,nan,nan,nan,,nan
2060,shredder,TC_2060_Shredder_Route,Chain TC = product of all step Mode TCs,nan,nan,,,,,nan,nan,nan,,nan
2060,shredder,TC_2060_Shredder_Route,Material,Chain TC Min,Chain TC Mode,Chain TC Max,Interpretation,Evidence Status,,nan,nan,nan,,nan
2060,shredder,TC_2060_Shredder_Route,NdFeB → recovered REE,0.12,0.26,0.48,OPTIMISTIC scenario. Requires effective inline magnetic separation + downstream hydromet. Still much lower than disassembly route.,Scenario assumption,,nan,nan,nan,,nan
2060,shredder,TC_2060_Shredder_Route,Cu,0.53,0.71,0.86,Improved sensor-based sorting.,Scenario assumption,,nan,nan,nan,,nan
2060,shredder,TC_2060_Shredder_Route,Al,0.56,0.73,0.88,Improved sorting technology.,Scenario assumption,,nan,nan,nan,,nan
2060,shredder,TC_2060_Shredder_Route,Fe/Si-steel,0.69,0.83,0.94,High mass recovery.,Scenario assumption,,nan,nan,nan,,nan
